id,nombre,equipo,equipo_id,posicion,edad,nacionalidad,pais_cod,altura_cm,camiseta,valor_mercado_eur,rating,goles,asistencias,minutos_stats,partidos_stats,goles_p90,xG_p90,tiros_p90,tiros_a_puerta_p90,asistencias_p90,xA_p90,chances_creadas_p90,grandes_chances_p90,pases_precisos_p90,pases_largos_p90,duelos_tierra_ganados_p90,recuperaciones_campo_rival_p90,entradas_p90,intercepciones_p90,despejes_p90,tiros_bloqueados_p90,faltas_cometidas_p90,tarjetas_amarillas_p90,tarjetas_rojas_p90,paradas_p90,porcentaje_paradas_p90,goles_evitados_p90,goles_recibidos_p90,porterias_cero_p90,penales_ganados_p90
1432268,André Alcaráz,Mazatlan FC,1170234,GK,26,Mexico,MEX,185.0,13.0,413926,,,,,,,,,,,,,,,,,,,,,,,,,,,,,,
1191818,Ricardo Rodríguez,Mazatlan FC,1170234,GK,25,Mexico,MEX,182.0,33.0,120000,6.89,,,1080.0,12.0,,,,,,0.0,,,18.6,,,,0.3,,1.4,,,0.083,,4.8,71.3,-2.8,1.9,0.083,
1531522,Ramiro Franco,Mazatlan FC,1170234,CB,22,Mexico,MEX,192.0,3.0,784077,,,,,,,,,,,,,,,,,,,,,,,,,,,,,,
861893,Jair Díaz,Mazatlan FC,1170234,"CB,LB",27,Mexico,MEX,180.0,4.0,686884,6.12,,1.0,824.0,10.0,,0.08,1.0,0.2,0.109,0.01,1.0,1.0,26.7,3.2,0.1,,2.0,0.8,3.7,0.8,1.5,0.437,,,,,,,
995062,Facundo Almada,Mazatlan FC,1170234,CB,27,Argentina,ARG,,5.0,1358769,6.75,3.0,1.0,1080.0,12.0,0.25,0.13,0.9,0.5,0.083,0.03,2.0,2.0,27.8,5.0,0.3,0.2,1.3,1.1,5.6,1.3,1.1,0.083,,,,,,,
1233487,Salvador Rodriguez,Mazatlan FC,1170234,LWB,24,Mexico,MEX,178.0,12.0,492566,,,,,,,,,,,,,,,,,,,,,,,,,,,,,,
1327395,Mauro Zaleta,Mazatlan FC,1170234,"LM,LWB,LB",23,Mexico,MEX,174.0,14.0,60000,6.86,1.0,1.0,905.0,12.0,0.1,0.1,1.1,0.6,0.099,0.11,15.0,2.0,23.8,1.8,0.8,0.4,1.3,1.1,2.1,0.2,0.6,0.099,,,,,,,
729085,Lucas Merolla,Mazatlan FC,1170234,CB,30,Argentina,ARG,193.0,19.0,1208367,6.83,,,765.0,10.0,,0.02,0.6,0.1,,0.01,2.0,,24.5,1.3,0.1,,2.1,2.4,6.5,1.3,2.0,0.353,,,,,,,
643756,Mauro Laínez,Mazatlan FC,1170234,"LM,LB",29,Mexico,MEX,179.0,20.0,384772,6.39,,1.0,222.0,10.0,,,,,0.405,0.08,3.0,1.0,21.5,0.4,,,2.8,0.4,4.5,0.4,0.4,,,,,,,,
1433093,Sebastián Santos,Mazatlan FC,1170234,"RB,RWB",23,Mexico,MEX,183.0,21.0,1582290,6.99,,1.0,705.0,8.0,,0.07,1.3,0.4,0.128,0.14,11.0,1.0,19.4,1.3,0.6,0.4,2.4,1.1,2.7,,1.9,0.383,0.128,,,,,,
1295524,Alberto Herrera,Mazatlan FC,1170234,LWB,25,Mexico,MEX,174.0,22.0,564054,,,,10.0,1.0,,,,,,,1.0,1.0,,,,,,,,,,,,,,,,,
1707538,Ángel Leyva,Mazatlan FC,1170234,CB,19,Mexico,MEX,,26.0,25000,,,,305.0,5.0,,,,,,,,,,,,,,,,,,0.295,,,,,,,
1722600,Christopher Castro,Mazatlan FC,1170234,CB,20,Mexico,MEX,182.0,32.0,15000,,,,9.0,1.0,,,,,,,,,,,,,,,,,,,,,,,,,
1783542,Iván González,Mazatlan FC,1170234,"RWB,RM,RB",19,Mexico,MEX,,199.0,1149997,,,1.0,219.0,4.0,,,,,0.411,,1.0,,,,,,,,,,,0.411,,,,,,,
964454,Jorge García,Mazatlan FC,1170234,"CAM,RB",24,Mexico,MEX,165.0,2.0,456943,,,,,,,,,,,,,,,,,,,,,,,,,,,,,,
1428525,Sebastián Fierro,Mazatlan FC,1170234,"CM,CDM",24,Mexico,MEX,175.0,8.0,600130,,,,,,,,,,,,,,,,,,,,,,,,,,,,,,
823438,Billy Arce,Mazatlan FC,1170234,"LW,CAM",27,Ecuador,ECU,178.0,9.0,450000,,,,69.0,4.0,,,,,,,1.0,,,,,,,,,,,,,,,,,,
1432127,Omar Moreno,Mazatlan FC,1170234,"LW,RM,LM,CAM,CM",21,Mexico,MEX,178.0,10.0,1174875,6.54,,,460.0,7.0,,0.2,2.9,1.4,,0.03,3.0,,10.6,,1.6,0.4,1.2,0.8,0.6,,1.0,,,,,,,,
526710,Yoel Bárcenas,Mazatlan FC,1170234,"CM,RM,RW,CDM,CAM,LM",32,Panama,PAN,175.0,11.0,727065,7.3,2.0,1.0,1073.0,12.0,0.17,0.05,1.0,0.6,0.084,0.14,23.0,3.0,30.3,1.8,0.8,0.4,1.7,0.4,1.3,0.3,0.9,0.168,,,,,,,
766570,José Esquivel,Mazatlan FC,1170234,"CM,CDM,CB",28,Mexico,MEX,177.0,16.0,727756,,,,178.0,5.0,,,,,,,,,,,,,,,,,,0.506,,,,,,,
1655070,Josué Ovalle,Mazatlan FC,1170234,CAM,25,Chile,CHI,167.0,17.0,83984,7.05,4.0,,424.0,7.0,0.85,0.76,2.3,1.1,,0.02,2.0,,19.7,0.6,1.5,0.6,0.6,1.1,0.4,0.4,0.8,0.212,,,,,,,
1053696,Alan Torres,Mazatlan FC,1170234,CM,26,Mexico,MEX,,18.0,1019300,,,,,,,,,,,,,,,,,,,,,,,,,,,,,,
730303,Jordan Sierra,Mazatlan FC,1170234,"CM,CDM",28,Ecuador,ECU,170.0,23.0,1675906,,1.0,,436.0,5.0,,,,,,,5.0,,,,,,,,,,,,,,,,,,
1608169,Said Godínez,Mazatlan FC,1170234,"CM,CDM",21,Mexico,MEX,176.0,25.0,20000,6.74,,,662.0,9.0,,0.01,0.4,,,0.01,4.0,,27.1,1.2,0.8,0.3,2.0,0.5,1.4,0.5,0.4,0.136,,,,,,,
1463168,Gilberto Adame,Mazatlan FC,1170234,RWB,21,Mexico,MEX,,27.0,646871,,,,,,,,,,,,,,,,,,,,,,,,,,,,,,
1408291,Ángel Saavedra,Mazatlan FC,1170234,CM,22,Mexico,MEX,172.0,31.0,487871,6.3,,,278.0,8.0,,0.01,0.6,,,0.03,,,21.4,0.3,1.6,0.3,1.6,1.3,,,1.3,,,,,,,,
1252093,Dudu Teodora,Mazatlan FC,1170234,"RW,ST,CAM,LM",26,Brazil,BRA,179.0,7.0,542423,6.56,1.0,1.0,856.0,12.0,0.11,0.18,1.4,0.7,0.105,0.08,6.0,1.0,12.9,0.1,1.2,0.7,0.4,0.1,0.1,,0.6,0.105,,,,,,,
923559,Brian Rubio,Mazatlan FC,1170234,ST,29,Mexico,MEX,186.0,15.0,278360,6.63,2.0,,712.0,10.0,0.25,0.2,1.5,0.5,,0.02,6.0,,16.6,1.0,0.9,0.5,1.0,0.1,0.9,0.1,2.7,0.379,,,,,,,
1306880,Jesús Hernández,Mazatlan FC,1170234,"ST,LW,CAM",24,Mexico,MEX,,28.0,1400000,6.41,,,240.0,7.0,,0.05,0.8,,,0.13,2.0,,27.0,1.9,2.6,1.5,1.9,0.4,0.8,,1.1,,,,,,,,
1033153,Fábio Gomes,Mazatlan FC,1170234,ST,28,Brazil,BRA,,90.0,612342,,,,228.0,5.0,,,,,,,2.0,1.0,,,,,,,,,,,,,,,,,
1380588,Gabriel López,Mazatlan FC,1170234,,23,Mexico,MEX,168.0,193.0,90000,,,1.0,56.0,7.0,,,,,1.607,,1.0,1.0,,,,,,,,,,,,,,,,,
1451318,Anwar Ben Rhouma,Mazatlan FC,1170234,,20,USA,USA,,202.0,100000,,,,14.0,2.0,,,,,,,,,,,,,,,,,,,,,,,,,
1919168,Leonardo Chavez,Mazatlan FC,1170234,,20,Mexico,MEX,,208.0,20000,,,,,,,,,,,,,,,,,,,,,,,,,,,,,,
1887564,Jaime Estrada,Mazatlan FC,1170234,,18,Mexico,MEX,,235.0,15000,,,,10.0,1.0,,,,,,,,,,,,,,,,,,,,,,,,,
324432,José Antonio Rodriguez,Tijuana,162418,GK,33,Mexico,MEX,186.0,2.0,448040,7.05,,,1080.0,12.0,,,,,,0.0,,,29.7,,,,,,0.8,,,0.167,,3.6,75.4,1.3,1.2,0.25,
1432285,Jorge Hernández,Tijuana,162418,GK,27,Mexico,MEX,191.0,29.0,398833,,,,,,,,,,,,,,,,,,,,,,,,,,,,,,
1169764,Rafael Fernández,Tijuana,162418,"RB,CB",25,Mexico,MEX,183.0,3.0,1300000,6.69,,,1051.0,12.0,,0.01,0.2,,,0.03,6.0,,32.8,3.2,0.3,0.1,2.4,1.1,2.4,0.3,1.7,0.257,,,,,,,
616540,Unai Bilbao,Tijuana,162418,CB,32,Spain,ESP,192.0,4.0,1618342,7.16,1.0,,1080.0,12.0,0.08,0.04,0.7,0.3,,0.01,2.0,,48.0,4.8,0.1,0.1,1.5,2.2,6.4,0.8,1.3,0.25,,,,,,,
1010407,Alejandro Gómez,Tijuana,162418,"CB,CM,LB,RM,CDM",24,Mexico,MEX,183.0,6.0,2003357,6.64,1.0,,462.0,11.0,0.19,0.08,0.8,0.4,,0.02,,,20.8,1.6,0.4,,2.7,1.8,2.9,0.6,0.8,0.195,,,,,,,
1032039,Jackson Porozo,Tijuana,162418,"CB,LB",25,Ecuador,ECU,191.0,12.0,2286678,6.9,,,959.0,11.0,,0.02,0.4,0.1,,0.01,2.0,,40.2,1.6,,,1.8,1.6,5.5,0.6,0.9,0.188,0.094,,,,,,
1225758,Alan Vega,Tijuana,162418,"LB,RB",26,Mexico,MEX,172.0,16.0,797295,6.74,,,696.0,11.0,,0.02,0.8,0.1,,0.07,8.0,,26.5,2.1,,0.3,2.6,0.5,2.7,0.4,0.1,,,,,,,,
896548,Óscar Manzanárez,Tijuana,162418,"CB,RB",30,Mexico,MEX,180.0,25.0,434665,,,,,,,,,,,,,,,,,,,,,,,,,,,,,,
1682280,Diogo Bagüí,Tijuana,162418,CB,21,Ecuador,ECU,180.0,32.0,70000,,,,18.0,1.0,,,,,,,,,,,,,,,,,,,,,,,,,
1504865,Pablo Ortíz,Tijuana,162418,LB,23,Mexico,MEX,176.0,33.0,532327,,,,385.0,6.0,,0.0,0.2,0.2,,0.03,1.0,,29.2,1.2,0.5,,2.8,1.4,2.1,0.2,0.9,0.468,,,,,,,
610642,Kevin Escamilla,Tijuana,162418,"CM,CB",32,Mexico,MEX,177.0,5.0,430397,,,,,,,,,,,,,,,,,,,,,,,,,,,,,,
1071276,Iván Tona,Tijuana,162418,"CDM,CM",25,Mexico,MEX,176.0,8.0,1276402,7.09,,1.0,1080.0,12.0,,0.01,0.7,0.1,0.083,0.02,6.0,,46.6,6.5,0.3,0.7,2.7,0.7,1.9,0.1,1.3,0.25,,,,,,,
277140,Joe Corona,Tijuana,162418,CDM,35,USA,USA,165.0,15.0,352766,,,,42.0,1.0,,,,,,,,,,,,,,,,,,,,,,,,,
1455072,Ramiro Árciga,Tijuana,162418,"RW,RM,CM,CAM",21,Mexico,MEX,176.0,17.0,2138722,6.61,1.0,2.0,654.0,11.0,0.14,0.04,0.8,0.4,0.275,0.22,15.0,4.0,21.5,0.8,0.3,0.6,1.7,0.6,1.5,0.1,1.4,0.413,,,,,,,
1670377,Gilberto Mora,Tijuana,162418,"ST,LM,CM,CAM,LW",17,Mexico,MEX,160.0,19.0,6533836,,,,133.0,2.0,,,,,,,2.0,,,,,,,,,,,,,,,,,,
1173461,Ángel Zapata,Tijuana,162418,"CDM,CM",25,Mexico,MEX,,20.0,568830,,,,17.0,3.0,,,,,,,,,,,,,,,,,,,,,,,,,
430015,Ignacio Rivero,Tijuana,162418,"CAM,CM,CDM,RWB,RW",33,Uruguay,URU,,22.0,1261597,6.71,,,845.0,12.0,,0.06,1.8,0.9,,0.05,5.0,,21.5,1.7,0.5,0.4,1.7,0.9,1.8,0.1,2.0,0.426,,,,,,,
1572472,Aldahir Pérez,Tijuana,162418,"RM,LM",21,Mexico,MEX,175.0,26.0,812524,,,,,,,,,,,,,,,,,,,,,,,,,,,,,,
723671,Domingo Blanco,Tijuana,162418,"LM,LW,RM",30,Argentina,ARG,,27.0,1350060,6.22,,,285.0,9.0,,0.03,1.3,0.3,,0.03,2.0,,10.7,0.9,1.3,,1.6,1.3,0.6,,2.2,0.316,,,,,,,
791820,Frank Boya,Tijuana,162418,"CM,CDM,LW",29,Cameroon,CMR,195.0,34.0,1178422,,,,152.0,4.0,,,,,,,,,,,,,,,,,,0.592,,,,,,,
1851538,German Padilla,Tijuana,162418,,18,Mexico,MEX,,187.0,15000,,,,9.0,1.0,,,,,,,,,,,,,,,,,,,,,,,,,
1729963,Joban González,Tijuana,162418,,20,Mexico,MEX,,202.0,20000,,,,,,,,,,,,,,,,,,,,,,,,,,,,,,
1119943,Mourad Daoudi,Tijuana,162418,ST,27,Morocco,MAR,189.0,9.0,1127256,6.34,,,739.0,12.0,,0.11,1.2,0.2,,0.02,5.0,,11.6,,0.4,0.5,0.7,0.5,1.1,,1.7,0.122,,,,,,,
951049,Kevin Castañeda,Tijuana,162418,"ST,CAM,LW",26,Mexico,MEX,171.0,10.0,2009552,7.64,5.0,2.0,992.0,12.0,0.45,0.3,3.0,1.1,0.181,0.16,28.0,2.0,37.1,4.5,0.7,0.8,1.1,0.9,0.3,0.1,0.9,0.272,,,,,,,1.0
1072829,Adonis Preciado,Tijuana,162418,"LW,ST,LM,RW,CM,RM",28,Ecuador,ECU,,11.0,1069207,6.91,1.0,1.0,699.0,10.0,0.13,0.19,1.9,0.5,0.129,0.06,6.0,1.0,15.2,0.4,1.3,0.5,2.4,0.1,1.8,0.1,1.9,0.129,,,,,,,1.0
239287,Josef Martínez,Tijuana,162418,"ST,LW",32,Venezuela,VEN,170.0,30.0,1165667,6.13,,,233.0,8.0,,0.11,0.8,,,0.01,1.0,1.0,11.6,,0.4,0.4,,,0.8,0.4,0.8,,,,,,,,
1603564,Diego Abreu,Tijuana,162418,ST,22,Uruguay,URU,189.0,31.0,550000,6.5,2.0,1.0,238.0,7.0,0.76,0.56,2.6,0.8,0.378,0.05,2.0,1.0,12.1,,,,0.8,0.4,2.6,,0.4,,,,,,,,1.0
1222038,Christian Leyva,Tijuana,162418,RM,22,Mexico,MEX,166.0,196.0,445003,,,,,,,,,,,,,,,,,,,,,,,,,,,,,,
111877,Alfonso Blanco,Leon,1841,GK,38,Mexico,MEX,182.0,,378573,,,,,,,,,,,,,,,,,,,,,,,,,,,,,,
1604108,Jordan García,Leon,1841,GK,20,Colombia,COL,,1.0,1500000,,,,270.0,3.0,,,,,,,,,,,,,,,,,,0.333,,,,,,,
463774,Oscar Jiménez,Leon,1841,GK,37,Mexico,MEX,183.0,12.0,370295,,,,,,,,,,,,,,,,,,,,,,,,,,,,,,
1339704,Óscar García,Leon,1841,GK,22,Mexico,MEX,180.0,23.0,35000,6.94,,,720.0,8.0,,,,,,0.0,,,24.4,,,,0.1,,1.1,,0.3,,,5.4,69.4,2.5,2.4,,
1399580,Valentín Gauthier,Leon,1841,"CB,RB",22,Uruguay,URU,190.0,2.0,1728134,,,,163.0,3.0,,,,,,,1.0,,,,,,,,,,,,,,,,,,
1071474,Paolo Medina,Leon,1841,RB,26,Mexico,MEX,175.0,3.0,427150,,,,,,,,,,,,,,,,,,,,,,,,,,,,,,
658480,Bryan Colula,Leon,1841,"RB,CB,RWB,RM",29,Mexico,MEX,176.0,4.0,1304068,6.79,1.0,1.0,568.0,7.0,0.16,0.09,0.8,0.5,0.158,0.02,3.0,,24.9,2.4,,0.2,1.9,1.6,4.8,0.6,1.7,0.158,,,,,,,
478454,Sebastián Vegas,Leon,1841,"CB,CM",29,Chile,CHI,184.0,5.0,1376785,6.38,,,872.0,10.0,,0.03,0.6,0.2,,0.01,1.0,,39.5,3.8,0.4,,2.3,1.7,4.2,0.9,2.1,0.413,0.103,,,,,,
282254,Stiven Barreiro,Leon,1841,"CB,LB",31,Colombia,COL,189.0,21.0,1444458,6.78,,,900.0,10.0,,0.06,0.4,0.1,,0.01,3.0,1.0,40.2,5.9,0.1,,1.4,2.3,7.5,0.8,1.4,0.3,,,,,,,
1203345,Paúl Bellón,Leon,1841,CB,28,Mexico,MEX,188.0,25.0,748260,,,,,,,,,,,,,,,,,,,,,,,,,,,,,,
914119,Salvador Reyes,Leon,1841,"LB,CM",27,Mexico,MEX,172.0,26.0,1164042,6.78,,1.0,741.0,9.0,,0.05,1.1,0.6,0.121,0.16,15.0,1.0,32.1,1.3,0.4,0.1,1.9,1.2,2.6,0.4,1.6,0.486,,,,,,,
524850,David Ramírez,Leon,1841,"RW,RB,CDM",30,Mexico,MEX,168.0,28.0,655335,6.26,,,183.0,8.0,,0.01,0.5,,,0.03,1.0,,43.3,3.9,1.5,0.5,2.5,,1.0,0.5,,,,,,,,,
1329551,Abraham Villegas,Leon,1841,LB,23,Mexico,MEX,,33.0,192000,,,,109.0,2.0,,,,,,,2.0,,,,,,,,,,,,,,,,,,
1708022,Christopher Mora,Leon,1841,LB,20,Mexico,MEX,,246.0,30000,,,,68.0,1.0,,,,,,,1.0,,,,,,,,,,,,,,,,,,
861896,Fernando Beltrán,Leon,1841,"CM,CAM,CDM",27,Mexico,MEX,164.0,6.0,1891838,7.1,1.0,2.0,441.0,9.0,0.2,0.06,0.8,0.2,0.408,0.2,10.0,5.0,53.9,3.3,1.8,0.2,2.0,1.4,0.8,0.2,0.2,0.204,,,,,,,
949958,Iván Moreno,Leon,1841,"RB,RW,CM,RM,CAM,CDM",28,Mexico,MEX,167.0,7.0,1264142,6.56,,1.0,714.0,11.0,,0.03,0.8,0.3,0.126,0.18,9.0,,25.7,0.9,0.8,0.6,2.8,0.5,2.1,,1.6,0.378,,,,,,,
1433134,Daniel Arcila,Leon,1841,"CAM,CM,ST",24,Colombia,COL,,13.0,440257,6.55,1.0,,368.0,8.0,0.24,0.07,2.9,0.5,,0.15,11.0,,56.0,4.9,0.7,0.2,1.0,0.5,0.5,,1.5,0.489,,,,,,,
737290,Jordi Cortizo,Leon,1841,"CM,RW,CDM",29,Mexico,MEX,180.0,16.0,1917843,6.56,,1.0,238.0,8.0,,0.16,3.0,,0.378,0.19,7.0,2.0,47.3,1.1,4.2,1.1,1.9,,,,1.9,,0.378,,,,,,
1432388,Gael García,Leon,1841,LM,22,Mexico,MEX,173.0,17.0,550863,,,,,,,,,,,,,,,,,,,,,,,,,,,,,,
517555,Rodrigo Echeverría,Leon,1841,"CDM,CM,CB",30,Chile,CHI,181.0,20.0,2337274,6.92,,,979.0,11.0,,0.09,1.8,0.4,,0.06,9.0,,44.5,3.1,0.6,0.3,1.8,1.3,1.8,0.6,2.1,0.276,,,,,,,1.0
1639261,Ángel Estrada,Leon,1841,"CDM,LW",23,Mexico,MEX,180.0,24.0,15000,,,,74.0,2.0,,,,,,,,,,,,,,,,,,,,,,,,,
819851,Iván Rodríguez,Leon,1841,"CDM,CM,CAM",29,Mexico,MEX,171.0,29.0,498355,6.45,,,618.0,10.0,,,,,,0.02,4.0,,50.5,1.7,0.1,0.3,2.2,1.0,3.9,0.4,1.5,0.291,,,,,,,
1502908,Emilio Rodríguez,Leon,1841,CDM,22,Mexico,MEX,,99.0,1310061,,,,52.0,3.0,,,,,,,2.0,1.0,,,,,,,,,,,,,,,,,
1838718,Jesús Lara,Leon,1841,,21,Mexico,MEX,,203.0,30000,,,,,,,,,,,,,,,,,,,,,,,,,,,,,,
1294724,Juan Domínguez,Leon,1841,"RW,LW,RM",27,Mexico,MEX,176.0,8.0,2200409,6.7,1.0,1.0,591.0,11.0,0.15,0.12,2.1,0.8,0.152,0.08,8.0,,27.6,0.8,2.7,0.6,1.4,0.3,,0.2,1.2,,,,,,,,
574077,Ismael Díaz,Leon,1841,"LW,ST,CAM,LM,RW",28,Panama,PAN,181.0,11.0,1843425,7.18,2.0,2.0,688.0,9.0,0.26,0.19,2.9,1.0,0.262,0.07,16.0,1.0,29.7,1.2,2.2,1.2,1.0,0.5,1.4,0.4,1.2,,,,,,,,
190511,Rogelio Funes Mori,Leon,1841,ST,35,Mexico,MEX,185.0,18.0,447488,6.43,1.0,,244.0,10.0,0.37,0.19,1.8,0.7,,0.1,5.0,,24.3,1.5,0.4,1.1,0.4,,1.1,,2.2,0.369,,,,,,,
921579,José Alvarado,Leon,1841,"LW,ST",26,Mexico,MEX,166.0,19.0,1197790,,,,96.0,5.0,,,,,,,3.0,,,,,,,,,,,,,,,,,,
1388237,Nicolás Vallejo,Leon,1841,"LW,LM",22,Argentina,ARG,170.0,22.0,1500000,6.67,,,329.0,6.0,,0.12,2.7,0.5,,0.12,3.0,1.0,29.5,0.5,2.2,1.1,0.5,0.3,0.3,,0.8,,,,,,,,
1232523,Díber Cambindo,Leon,1841,ST,30,Colombia,COL,188.0,27.0,4814525,6.68,5.0,,807.0,11.0,0.56,0.51,3.0,1.7,,0.06,9.0,,13.2,0.1,1.1,0.8,0.7,,0.1,,2.1,0.223,,,,,,,
1602180,Luis Jiménez,Necaxa,1842,,21,Mexico,MEX,195.0,12.0,130000,,,,,,,,,,,,,,,,,,,,,,,,,,,,,,
618946,Ezequiel Unsain,Necaxa,1842,GK,31,Argentina,ARG,,22.0,1865781,6.7,,,1080.0,12.0,,,,,,0.0,1.0,,23.2,,,,,,0.6,,,0.083,,3.5,72.4,0.2,1.3,0.167,
1209379,Emilio Martínez,Necaxa,1842,RB,23,Mexico,MEX,175.0,2.0,1313213,,,,,,,,,,,,,,,,,,,,,,,,,,,,,,
952324,Agustín Oliveros,Necaxa,1842,CB,27,Uruguay,URU,183.0,3.0,2135753,7.02,2.0,,1035.0,12.0,0.17,0.04,0.9,0.3,,0.04,10.0,1.0,36.6,3.0,0.3,,1.0,0.8,4.3,0.9,1.0,0.261,,,,,,,
671970,Alexis Peña,Necaxa,1842,CB,30,Mexico,MEX,188.0,4.0,1477477,6.91,1.0,,865.0,11.0,0.1,0.06,0.3,0.2,,0.0,1.0,,40.5,3.2,0.1,,1.0,1.9,6.6,1.4,1.4,0.208,,,,,,,
748811,Cristian Calderón,Necaxa,1842,"CB,LB,LWB",28,Mexico,MEX,177.0,16.0,1302304,6.93,,,507.0,10.0,,0.11,1.6,0.5,,0.13,13.0,,23.3,2.7,0.7,0.7,1.2,0.7,2.3,0.5,2.3,0.533,,,,,,,
1669493,Francisco Méndez,Necaxa,1842,CB,20,Mexico,MEX,186.0,20.0,180000,,,,45.0,1.0,,,,,,,1.0,,,,,,,,,,,,,,,,,,
1096624,Emilio Lara,Necaxa,1842,"CB,RB",23,Mexico,MEX,180.0,26.0,1398801,6.75,,,529.0,9.0,,0.01,0.5,0.3,,0.03,3.0,1.0,35.0,3.7,0.3,,3.1,1.0,3.1,0.3,1.5,0.681,,,,,,,
1432376,Raúl Martínez,Necaxa,1842,CB,23,Mexico,MEX,185.0,33.0,950000,6.58,,,750.0,9.0,,0.12,0.4,0.1,,0.02,2.0,,33.1,3.1,,0.1,1.4,0.7,4.1,1.4,1.2,0.12,,,,,,,
1895025,Ricardo Alonso,Necaxa,1842,,18,Mexico,MEX,,232.0,50000,,,,8.0,1.0,,,,,,,,,,,,,,,,,,,,,,,,,
905265,Kevin Gutiérrez,Necaxa,1842,"CM,CDM",28,Argentina,ARG,168.0,5.0,1927479,6.47,,,522.0,11.0,,0.03,1.2,0.2,,0.09,3.0,,47.9,2.8,0.3,0.3,2.1,1.2,1.6,0.2,1.6,0.172,0.172,,,,,,
1045163,Danny Leyva,Necaxa,1842,"CDM,CM,CAM",22,USA,USA,178.0,6.0,1500000,7.14,,2.0,940.0,12.0,,0.01,0.5,0.2,0.191,0.13,23.0,3.0,39.5,3.4,0.1,0.2,1.9,0.9,1.6,0.2,0.9,0.096,,,,,,,
1289395,Kevin Rosero,Necaxa,1842,"RWB,RM,RW,CAM,RB",27,Colombia,COL,178.0,7.0,1441177,6.63,,1.0,737.0,10.0,,0.03,1.0,,0.122,0.17,13.0,1.0,16.9,0.4,1.3,0.5,1.5,0.9,1.5,0.1,1.2,0.122,0.122,,,,,,
245581,Lorenzo Faravelli,Necaxa,1842,"CM,CDM,CAM",32,Argentina,ARG,179.0,8.0,1038090,6.77,,1.0,1019.0,12.0,,0.04,0.9,0.3,0.088,0.1,9.0,1.0,34.9,2.5,0.1,0.7,1.7,1.0,0.5,0.1,0.7,0.177,,,,,,,
935060,Agustín Almendra,Necaxa,1842,"CM,CDM,CAM",26,Argentina,ARG,,10.0,1920795,6.47,,,343.0,7.0,,0.03,0.8,,,0.16,4.0,1.0,26.8,4.2,0.3,0.3,0.3,1.3,0.5,0.3,0.5,,,,,,,,
1656865,Franco Rossano,Necaxa,1842,"LWB,LB,LW",20,Mexico,MEX,179.0,24.0,30000,6.58,,3.0,542.0,12.0,,0.08,1.2,0.2,0.498,0.15,7.0,3.0,18.6,0.7,0.7,0.3,2.2,0.5,0.8,0.3,2.0,0.166,,,,,,,1.0
1513420,Javier Ruiz,Necaxa,1842,"LM,CAM,RM,CM,ST",21,Argentina,ARG,173.0,35.0,4540420,6.89,4.0,,344.0,7.0,1.05,0.16,2.6,1.8,,0.06,2.0,,15.4,1.6,2.9,,1.0,0.5,0.3,,0.8,,,,,,,,
1470067,Daniel Márquez,Necaxa,1842,,20,Mexico,MEX,175.0,136.0,15000,,,,,,,,,,,,,,,,,,,,,,,,,,,,,,
1888853,Israel Tello,Necaxa,1842,"CAM,RWB",20,Mexico,MEX,,188.0,20000,6.55,,1.0,421.0,8.0,,0.06,0.9,0.4,0.214,0.04,4.0,,14.1,0.9,0.6,0.4,1.7,,0.2,,0.4,,,,,,,,
1899838,Luis Ibarra,Necaxa,1842,,19,Mexico,MEX,,194.0,0,,,,,,,,,,,,,,,,,,,,,,,,,,,,,,
1444772,Arath Moreno,Necaxa,1842,,20,Mexico,MEX,171.0,197.0,25000,,,,,,,,,,,,,,,,,,,,,,,,,,,,,,
1706174,Joshua Palacios,Necaxa,1842,,19,Mexico,MEX,181.0,210.0,15000,,,,,,,,,,,,,,,,,,,,,,,,,,,,,,
923598,Tomás Badaloni,Necaxa,1842,ST,25,Argentina,ARG,186.0,9.0,1248220,6.67,3.0,1.0,794.0,12.0,0.34,0.28,3.5,1.4,0.113,0.02,6.0,,11.9,0.1,0.3,0.7,0.5,0.1,0.9,,1.9,,,,,,,,
1393763,Rogelio Cortéz,Necaxa,1842,LW,21,Mexico,MEX,173.0,17.0,853582,,,,69.0,3.0,,,,,,,1.0,,,,,,,,,,,,,,,,,,
874618,Julián Carranza,Necaxa,1842,ST,25,Argentina,ARG,182.0,21.0,5774180,,3.0,,308.0,6.0,0.88,0.47,2.3,0.9,,0.03,2.0,,6.1,0.3,,0.3,2.6,0.3,0.3,0.3,2.9,0.292,0.292,,,,,,
1023022,Ricardo Monreal,Necaxa,1842,"RW,CAM,LM,ST",25,Mexico,MEX,176.0,30.0,1671743,6.43,1.0,1.0,763.0,12.0,0.12,0.29,2.5,0.7,0.118,0.12,7.0,2.0,17.1,0.6,1.7,0.1,1.7,0.9,0.4,0.1,1.9,0.236,,,,,,,
1226999,Bryan Casas,Necaxa,1842,,21,Mexico,MEX,187.0,189.0,90000,,,,3.0,2.0,,,,,,,,,,,,,,,,,,,,,,,,,
716748,José Hernández,Queretaro FC,1943,GK,28,Mexico,MEX,177.0,1.0,362067,,,,128.0,2.0,,,,,,,,,,,,,,,,,,,,,,,,0.703,
1199425,Luis Villegas Garcia,Queretaro FC,1943,GK,24,Mexico,MEX,185.0,24.0,40000,,,,,,,,,,,,,,,,,,,,,,,,,,,,,,
207791,Guillermo Allison,Queretaro FC,1943,GK,35,Mexico,MEX,191.0,25.0,396192,6.49,,,862.0,10.0,,,,,,0.0,,,11.4,,,,,,0.7,,,0.104,,3.1,65.2,-1.3,1.7,0.209,
942984,Lucas Abascia,Queretaro FC,1943,CB,30,Argentina,ARG,184.0,2.0,1292799,6.7,,,990.0,11.0,,0.03,0.5,0.1,,0.01,3.0,,24.5,2.9,0.2,,1.6,2.6,5.2,1.1,1.0,0.364,,,,,,,
559999,Omar Mendoza,Queretaro FC,1943,"RB,LB,CB,LWB",37,Mexico,MEX,173.0,2.0,332591,,,,,,,,,,,,,,,,,,,,,,,,,,,,,,
1436165,Santiago Homenchenko,Queretaro FC,1943,"CB,CM,CDM",22,Uruguay,URU,184.0,6.0,500000,7.19,1.0,,802.0,9.0,0.11,0.21,2.7,1.1,,0.13,7.0,1.0,27.5,5.2,0.7,0.8,3.4,1.3,2.1,0.2,1.6,0.561,0.112,,,,,,
201111,Diego Reyes,Queretaro FC,1943,CB,33,Mexico,MEX,191.0,9.0,434665,6.6,,,720.0,8.0,,0.01,0.1,,,0.01,,,22.4,2.6,,,1.5,1.1,6.3,1.1,0.3,0.125,,,,,,,
402810,Jaime Gómez,Queretaro FC,1943,RB,32,Mexico,MEX,175.0,12.0,411468,6.45,,,708.0,9.0,,0.01,0.3,,,0.03,3.0,,20.5,1.5,0.5,,1.7,0.9,2.0,,0.8,0.254,,,,,,,
350568,Carlos Villanueva,Queretaro FC,1943,"CB,RB",31,Mexico,MEX,184.0,15.0,357816,,,,288.0,4.0,,,,,,,1.0,,,,,,,,,,,,,,,,,,
693677,Francisco Venegas,Queretaro FC,1943,"LB,RM,LM",27,Mexico,MEX,178.0,17.0,1058771,6.73,,,668.0,8.0,,0.03,0.9,0.3,,0.08,8.0,2.0,21.3,2.6,0.1,,1.8,1.1,2.2,0.3,0.9,0.135,0.135,,,,,,
1554213,Bayron Duarte,Queretaro FC,1943,RB,23,Colombia,COL,179.0,22.0,330000,,,,234.0,4.0,,,,,,,1.0,,,,,,,,,,,0.385,,,,,,,
1442404,Juan Robles,Queretaro FC,1943,RWB,22,Mexico,MEX,165.0,23.0,527098,,,,56.0,2.0,,,,,,,1.0,,,,,,,,,,,,,,,,,,
772312,Daniel Parra,Queretaro FC,1943,"LB,LWB,RB",26,Mexico,MEX,180.0,27.0,0,,,,329.0,7.0,,0.11,1.6,0.3,,0.01,2.0,,17.8,2.5,0.5,0.8,4.4,2.2,3.6,0.3,3.0,0.274,,,,,,,
1198714,Carlo García,Queretaro FC,1943,CM,25,Spain,ESP,,4.0,431265,6.62,,,635.0,11.0,,0.07,1.3,,,0.01,1.0,1.0,23.5,1.4,0.4,0.1,2.0,1.7,1.7,0.1,1.4,0.283,,,,,,,
860927,Jhojan Julio,Queretaro FC,1943,"RM,LM,ST,CAM,RW",28,Ecuador,ECU,,7.0,691808,7.0,2.0,1.0,695.0,11.0,0.26,0.11,1.4,0.5,0.129,0.13,11.0,2.0,14.9,1.2,1.2,0.1,2.1,0.4,0.1,,2.1,0.259,,,,,,,2.0
1470112,Bernardo Parra,Queretaro FC,1943,"CDM,CM",21,Mexico,MEX,175.0,8.0,1621193,6.63,,,449.0,9.0,,0.01,0.4,,,0.05,2.0,,19.8,2.6,0.2,0.2,1.8,1.2,1.2,1.0,1.2,0.2,,,,,,,
1329364,Eduardo Armenta,Queretaro FC,1943,"CM,CDM,CAM",24,Mexico,MEX,175.0,13.0,654748,,,,,,,,,,,,,,,,,,,,,,,,,,,,,,
1666305,Jean Unjanque,Queretaro FC,1943,"RW,LM,RM",21,Senegal,SEN,180.0,14.0,350000,6.53,,1.0,512.0,9.0,,0.16,1.4,0.2,0.176,0.1,6.0,2.0,13.4,0.7,1.2,0.9,1.2,0.9,0.2,,1.6,0.176,,,,,,,
1166561,Erik Dueñas,Queretaro FC,1943,"CM,RW",21,Mexico,MEX,166.0,18.0,562902,,,,,,,,,,,,,,,,,,,,,,,,,,,,,,
1253261,Álex Alcalá,Queretaro FC,1943,CAM,20,Mexico,MEX,155.0,20.0,367327,,,,,,,,,,,,,,,,,,,,,,,,,,,,,,
1787308,Christopher Figueroa,Queretaro FC,1943,,22,Mexico,MEX,,20.0,0,,,,,,,,,,,,,,,,,,,,,,,,,,,,,,
1410518,Fernando González,Queretaro FC,1943,ST,24,Mexico,MEX,177.0,21.0,430000,6.61,,1.0,324.0,10.0,,0.1,2.8,0.6,0.278,0.23,10.0,1.0,25.8,1.9,0.8,0.6,1.9,0.8,0.3,0.3,,,,,,,,,
1251768,Waldo Madrid,Queretaro FC,1943,CDM,22,Mexico,MEX,182.0,29.0,55000,6.19,,,173.0,8.0,,0.43,2.1,,,0.24,1.0,,26.0,,0.5,0.5,1.0,2.1,,,1.0,,,,,,,,
1279494,Luis Gutiérrez,Queretaro FC,1943,,24,Mexico,MEX,182.0,33.0,468148,,,,,,,,,,,,,,,,,,,,,,,,,,,,,,
1729947,Edison Gruezo,Queretaro FC,1943,,18,Ecuador,ECU,,44.0,897402,,,,,,,,,,,,,,,,,,,,,,,,,,,,,,
1432155,Victor López,Queretaro FC,1943,LM,22,Mexico,MEX,165.0,47.0,758116,,,,,,,,,,,,,,,,,,,,,,,,,,,,,,
1134930,Michael Carcelén,Queretaro FC,1943,"CAM,ST,CM",28,Ecuador,ECU,,55.0,717031,6.27,,,206.0,6.0,,0.02,0.4,,,0.16,3.0,,23.6,0.4,0.4,,0.9,1.3,1.7,1.3,3.1,0.874,,,,,,,
1813757,Darío Rodríguez,Queretaro FC,1943,,18,Mexico,MEX,,188.0,25000,,,,,,,,,,,,,,,,,,,,,,,,,,,,,,
1895026,Juan Cázares,Queretaro FC,1943,LM,20,Mexico,MEX,182.0,190.0,20000,,,,196.0,4.0,,,,,,,3.0,,,,,,,,,,,,,,,,,,
70865,Pablo Barrera,Queretaro FC,1943,"RW,ST",38,Mexico,MEX,175.0,8.0,353958,,,,,,,,,,,,,,,,,,,,,,,,,,,,,,
655806,Lucas Rodríguez,Queretaro FC,1943,"ST,LW,RW,RM,LM,CM",28,Argentina,ARG,168.0,10.0,1221754,6.4,,,273.0,7.0,,0.14,1.0,0.7,,0.1,9.0,,19.1,1.0,1.3,1.0,1.0,0.3,0.7,0.3,2.3,0.33,,,,,,,
559997,Eduardo Pérez,Queretaro FC,1943,"ST,RW",32,Mexico,MEX,175.0,26.0,420000,,,,131.0,6.0,,0.25,3.4,,,0.16,3.0,1.0,11.7,,0.7,1.4,0.7,,,,2.1,,,,,,,,
1109028,Alí Ávila,Queretaro FC,1943,ST,22,Mexico,MEX,178.0,31.0,2300000,6.29,2.0,,670.0,8.0,0.27,0.29,1.5,0.7,,0.05,6.0,2.0,10.1,0.7,0.4,0.1,0.5,,0.7,,1.6,0.403,0.134,,,,,,
616341,Carlos Valenzuela,Queretaro FC,1943,RM,28,Argentina,ARG,165.0,32.0,353352,,,,,,,,,,,,,,,,,,,,,,,,,,,,,,
884282,Mateo Coronel,Queretaro FC,1943,ST,27,Argentina,ARG,172.0,37.0,2050958,6.67,3.0,,840.0,11.0,0.32,0.56,2.4,1.5,,0.06,7.0,2.0,10.5,0.4,0.8,0.3,0.6,0.3,0.1,0.1,1.4,0.321,,,,,,,1.0
1900077,Claudio Zubizarreta,Queretaro FC,1943,,20,Mexico,MEX,,187.0,15000,,,,,,,,,,,,,,,,,,,,,,,,,,,,,,
51949,Keylor Navas,Pumas,1946,GK,39,Costa Rica,CRC,185.0,1.0,775052,7.34,,,990.0,11.0,,,,,,0.0,1.0,,28.2,,,,,,1.7,,,0.182,,4.3,79.7,2.9,1.1,0.364,
1608419,Pablo Lara,Pumas,1946,GK,20,Mexico,MEX,185.0,35.0,1357563,,,,,,,,,,,,,,,,,,,,,,,,,,,,,,
1457903,Miguel Paul,Pumas,1946,GK,22,Mexico,MEX,182.0,181.0,50000,,,,,,,,,,,,,,,,,,,,,,,,,,,,,,
1783529,Rodrigo Parra,Pumas,1946,GK,18,Mexico,MEX,,256.0,85000,,,,,,,,,,,,,,,,,,,,,,,,,,,,,,
1169770,Pablo Bennevendo,Pumas,1946,"RB,CB,RWB",26,Mexico,MEX,178.0,2.0,1759394,,,,199.0,4.0,,,,,,,,,,,,,,,,,,0.452,,,,,,,
358138,Rubén Duarte,Pumas,1946,"CB,LB",30,Spain,ESP,180.0,5.0,1854605,,,,370.0,7.0,,0.01,0.5,,,0.01,,,47.2,2.4,,,1.2,1.0,4.6,0.7,1.0,0.243,,,,,,,
754495,Nathan Silva,Pumas,1946,CB,28,Brazil,BRA,183.0,6.0,2665526,6.61,,,968.0,11.0,,0.07,0.6,0.1,,0.02,1.0,1.0,48.0,2.0,,0.1,0.7,0.6,4.9,0.9,0.6,,0.093,,,,,,
1440801,Pablo Monroy,Pumas,1946,"RB,RWB",23,Mexico,MEX,169.0,13.0,1263470,,,,,,,,,,,,,,,,,,,,,,,,,,,,,,
1125755,Jesús Rivas,Pumas,1946,"RB,RWB,CB",23,Mexico,MEX,171.0,19.0,800307,,,,361.0,5.0,,,,,,,1.0,,,,,,,,,,,0.249,,,,,,,
1166559,Tony Leone,Pumas,1946,RB,21,Mexico,MEX,183.0,24.0,880932,,,,,,,,,,,,,,,,,,,,,,,,,,,,,,
860780,Álvaro Angulo,Pumas,1946,"LB,LWB,LW",29,Colombia,COL,,77.0,2500000,7.02,3.0,,860.0,10.0,0.31,0.23,1.5,0.5,,0.03,4.0,,23.0,0.6,0.3,0.2,1.2,1.2,4.4,0.2,1.2,,0.105,,,,,,
1720655,Angel Azuaje,Pumas,1946,CB,21,Venezuela,VEN,,215.0,896867,6.61,,,664.0,10.0,,0.01,0.4,0.1,,0.01,2.0,,39.7,3.4,0.4,,0.5,0.4,7.7,0.8,0.8,0.271,,,,,,,
1381368,Rodrigo López,Pumas,1946,"RM,RB,RW,ST,CM,CB",24,Mexico,MEX,174.0,7.0,1179135,6.8,,1.0,670.0,11.0,,0.01,0.4,,0.134,0.04,5.0,,39.8,6.0,0.8,,1.2,0.8,4.0,0.8,0.9,0.134,,,,,,,
1572849,César Garza,Pumas,1946,"CDM,CM",20,Mexico,MEX,172.0,14.0,250000,7.29,,,490.0,9.0,,0.01,0.4,,,0.04,3.0,,43.7,2.4,0.4,0.4,2.8,2.6,2.2,0.6,1.1,0.551,,,,,,,
533769,Ulíses Rivas,Pumas,1946,CM,30,Mexico,MEX,177.0,15.0,1204854,,,,,,,,,,,,,,,,,,,,,,,,,,,,,,
1304418,Santiago Trigos,Pumas,1946,"CDM,CM",24,Mexico,MEX,172.0,20.0,999598,,,,,,,,,,,,,,,,,,,,,,,,,,,,,,
767021,Uriel Antuna,Pumas,1946,"RW,CAM",28,Mexico,MEX,174.0,21.0,1952110,6.56,,2.0,391.0,11.0,,0.07,1.2,0.5,0.46,0.16,7.0,2.0,23.0,0.9,0.2,,0.9,0.9,0.7,0.2,1.2,0.23,,,,,,,1.0
862174,Alan Medina,Pumas,1946,"RM,RW,CM",28,Mexico,MEX,182.0,22.0,937730,7.12,1.0,3.0,650.0,11.0,0.14,0.09,1.0,0.3,0.415,0.13,9.0,2.0,29.5,0.8,1.0,0.7,2.6,0.3,1.2,0.3,1.2,0.138,,,,,,,
1658881,Ángel Rico,Pumas,1946,ST,21,Mexico,MEX,169.0,26.0,908780,,,,,,,,,,,,,,,,,,,,,,,,,,,,,,
643682,Adalberto Carrasquilla,Pumas,1946,"CM,CAM,CDM,LW,ST",27,Panama,PAN,170.0,28.0,2479929,7.22,2.0,1.0,810.0,10.0,0.22,0.04,0.8,0.2,0.111,0.13,15.0,4.0,38.2,4.6,1.0,0.9,1.1,1.0,0.7,0.2,1.6,0.444,,,,,,,
1171126,Jordán Carrillo,Pumas,1946,"CAM,LM,RW,LW",24,Mexico,MEX,168.0,33.0,1185308,7.07,2.0,1.0,666.0,10.0,0.27,0.15,2.0,0.7,0.135,0.13,14.0,1.0,27.2,1.6,1.6,0.3,1.8,0.5,0.9,,2.0,0.135,,,,,,,1.0
1108611,Pedro Vite,Pumas,1946,"CM,RW,CDM,CAM,RM",24,Ecuador,ECU,170.0,45.0,6507426,7.16,1.0,,880.0,11.0,0.1,0.02,0.6,0.2,,0.12,15.0,1.0,46.8,3.0,0.4,0.2,2.0,1.3,0.8,0.5,0.7,,,,,,,,
1783533,Dennis Ramírez,Pumas,1946,,18,Mexico,MEX,,193.0,25000,,,,14.0,1.0,,,,,,,,,,,,,,,,,,,,,,,,,
1813204,Stanley García,Pumas,1946,,19,Mexico,MEX,,203.0,15000,,,,,,,,,,,,,,,,,,,,,,,,,,,,,,
595762,Leonardo Suárez,Pumas,1946,RW,29,Argentina,ARG,167.0,,1375431,,,,,,,,,,,,,,,,,,,,,,,,,,,,,,
558539,Guillermo Martínez,Pumas,1946,ST,31,Mexico,MEX,180.0,9.0,1380068,6.55,2.0,,232.0,9.0,0.78,0.49,3.9,0.8,,0.08,3.0,,16.7,0.8,1.2,,0.8,,1.2,,2.7,0.388,,,,,,,1.0
861901,José Macias,Pumas,1946,ST,26,Mexico,MEX,177.0,11.0,1500000,,,,,,,,,,,,,,,,,,,,,,,,,,,,,,
728409,Juninho,Pumas,1946,ST,29,Brazil,BRA,179.0,23.0,1278771,7.15,5.0,2.0,655.0,11.0,0.69,0.56,2.3,1.2,0.275,0.13,9.0,3.0,10.9,1.0,1.1,,0.1,,0.8,,0.8,,,,,,,,
1607678,Santiago López,Pumas,1946,ST,20,Canada,CAN,178.0,30.0,745908,,,,9.0,1.0,,,,,,,1.0,,,,,,,,,,,,,,,,,,
1211598,Robert Morales,Pumas,1946,"ST,CAM",27,Paraguay,PAR,180.0,31.0,1745783,7.03,3.0,1.0,885.0,11.0,0.31,0.47,3.1,1.3,0.102,0.19,9.0,1.0,12.8,0.7,0.3,0.1,1.0,0.2,1.1,0.1,1.6,,,,,,,,1.0
1175824,Diego Urtiaga,Atletico de San Luis,6358,GK,27,Mexico,MEX,186.0,,107000,,,,,,,,,,,,,,,,,,,,,,,,,,,,,,
1274477,Andrés Sánchez,Atletico de San Luis,6358,GK,28,Mexico,MEX,187.0,1.0,1490056,6.51,,,926.0,11.0,,,,,,0.0,,,18.5,,,,0.1,,1.7,,,0.097,,3.3,65.4,-1.9,1.7,0.194,
1432267,César López,Atletico de San Luis,6358,GK,25,Mexico,MEX,188.0,23.0,443005,,,,,,,,,,,,,,,,,,,,,,,,,,,,,,
528122,Gibrán Lajud,Atletico de San Luis,6358,GK,32,Mexico,MEX,188.0,34.0,311788,,,,64.0,1.0,,,,,,,,,,,,,,,,,,1.406,,,,,,,
1435987,Román Torres,Atletico de San Luis,6358,"RB,RWB,RM",21,Mexico,MEX,178.0,2.0,1255377,6.56,,1.0,728.0,11.0,,0.04,0.6,0.4,0.124,0.07,9.0,2.0,24.1,1.6,,0.4,1.4,0.5,1.5,0.5,1.2,0.247,,,,,,,
926136,Robson Bambu,Atletico de San Luis,6358,CB,28,Brazil,BRA,185.0,3.0,2244250,,,1.0,410.0,6.0,,0.04,0.2,,0.22,0.07,2.0,1.0,55.5,4.6,0.9,,0.7,0.9,3.1,,1.5,,0.22,,,,,,
70199,Julio César Dominguez,Atletico de San Luis,6358,CB,38,Mexico,MEX,175.0,4.0,332591,,,,193.0,3.0,,,,,,,,,,,,,,,,,,0.933,,,,,,,
174862,Juanpe,Atletico de San Luis,6358,CB,34,Spain,ESP,189.0,6.0,412466,6.81,,,540.0,6.0,,0.02,0.3,,,0.05,2.0,1.0,43.5,4.5,,,0.8,1.3,7.2,0.8,1.3,0.167,,,,,,,
1083055,Lucas Esteves,Atletico de San Luis,6358,"LB,LWB",25,Brazil,BRA,171.0,15.0,1376482,6.07,,,582.0,8.0,,0.02,0.8,,,0.04,2.0,,28.9,1.7,0.3,,2.0,0.8,1.9,0.5,1.7,0.464,,,,,,,
902047,Aldo Cruz,Atletico de San Luis,6358,"LB,CB",28,Mexico,MEX,,18.0,667441,,,,,,,,,,,,,,,,,,,,,,,,,,,,,,
1504619,José Suárez,Atletico de San Luis,6358,"CB,RB",19,Venezuela,VEN,174.0,29.0,550000,,,,,,,,,,,,,,,,,,,,,,,,,,,,,,
933918,Benjamín Galindo,Atletico de San Luis,6358,CB,27,Mexico,MEX,186.0,30.0,750000,6.58,,,985.0,11.0,,0.02,0.3,,,0.01,1.0,,46.9,4.4,0.1,,1.6,0.8,4.3,0.4,0.5,,,,,,,,
1428481,Eduardo Águila,Atletico de San Luis,6358,CB,23,Mexico,MEX,180.0,31.0,2453514,6.71,1.0,,667.0,8.0,0.13,0.07,1.1,0.4,,0.02,,,49.3,4.9,0.5,,1.3,1.5,4.6,0.5,0.5,,0.27,,,,,,
914118,Roberto Meráz,Atletico de San Luis,6358,"CDM,CM",26,Mexico,MEX,180.0,5.0,1241883,6.04,,,294.0,9.0,,0.01,0.3,,,0.01,,,29.1,1.8,,,1.8,1.5,4.0,0.9,1.8,0.306,,,,,,,
716998,Sébastien Salles-Lamonge,Atletico de San Luis,6358,"CDM,CM,CAM,LM,LW",30,France,FRA,170.0,10.0,1466309,7.13,2.0,1.0,987.0,11.0,0.18,0.1,1.5,0.4,0.091,0.17,25.0,,45.2,5.0,1.0,0.7,1.0,0.9,0.9,,1.5,0.274,,,,,,,
1054352,David Rodríguez,Atletico de San Luis,6358,"CAM,RW,RM",23,USA,USA,166.0,11.0,154976,,,,13.0,2.0,,,,,,,,,,,,,,,,,,,,,,,,,
1222815,Jahaziel Marchand,Atletico de San Luis,6358,"CM,CDM",24,Mexico,MEX,178.0,16.0,463052,,,,,,,,,,,,,,,,,,,,,,,,,,,,,,
1109767,Santiago Muñoz,Atletico de San Luis,6358,"ST,CAM,LM,CM",23,Mexico,MEX,177.0,19.0,896631,6.55,,2.0,279.0,7.0,,0.17,0.6,,0.645,0.07,4.0,1.0,30.6,1.9,0.3,1.0,1.3,0.6,0.3,,2.3,,,,,,,,
889869,Óscar Macías,Atletico de San Luis,6358,"CM,CDM",27,Mexico,MEX,173.0,21.0,1160791,6.57,,,570.0,8.0,,0.05,1.4,0.2,,0.02,1.0,,43.6,2.2,0.2,,2.2,1.3,1.1,0.3,1.4,0.316,,,,,,,
1327605,Sebastián Pérez-Bouquet,Atletico de San Luis,6358,CAM,22,Mexico,MEX,165.0,26.0,679214,6.45,,1.0,314.0,7.0,,0.04,0.9,,0.287,0.17,4.0,1.0,28.9,2.0,1.7,0.3,1.1,0.9,,,1.4,0.287,,,,,,,
988124,Benjamín Galdames,Atletico de San Luis,6358,"RW,LW,ST",25,Mexico,MEX,,7.0,1414321,6.46,,2.0,355.0,10.0,,0.06,0.8,,0.507,0.18,5.0,2.0,27.6,1.3,,1.3,2.8,0.5,1.8,0.5,1.5,0.254,,,,,,,
203739,João Pedro,Atletico de San Luis,6358,ST,34,Italy,ITA,184.0,9.0,1190791,7.55,10.0,,990.0,11.0,0.91,0.48,2.9,1.7,,0.09,10.0,2.0,8.7,0.6,0.3,0.3,0.9,0.1,1.0,0.1,0.9,0.091,,,,,,,1.0
1432169,Miguel García,Atletico de San Luis,6358,"LW,CB,RW,CM,ST",24,Mexico,MEX,182.0,14.0,1644446,6.41,1.0,1.0,576.0,11.0,0.16,0.18,0.8,0.3,0.156,0.12,7.0,2.0,24.4,1.4,0.3,0.6,0.9,0.2,0.6,0.2,1.4,0.156,,,,,,,
1383686,Anderson Duarte,Atletico de San Luis,6358,"ST,LW",21,Uruguay,URU,175.0,17.0,1998667,,,,207.0,7.0,,0.17,0.9,,,0.02,1.0,,18.7,0.4,1.7,1.3,3.0,,0.9,,3.0,0.435,,,,,,,
1359533,Leonardo Flores,Atletico de San Luis,6358,ST,22,Mexico,MEX,180.0,20.0,674014,6.41,,1.0,249.0,8.0,,0.29,2.5,1.1,0.361,0.09,4.0,2.0,13.7,0.4,0.7,0.4,0.4,,,,0.7,0.361,,,,,,,
1406105,Fidel Barajas,Atletico de San Luis,6358,LW,19,Mexico,MEX,175.0,25.0,1989276,,1.0,,139.0,6.0,0.65,0.29,2.6,1.3,,0.11,2.0,,21.4,,0.6,,,0.6,,,,,,,,,,,
497398,Jesús Medina,Atletico de San Luis,6358,"RW,CM,RM,ST",28,Paraguay,PAR,179.0,28.0,1582631,6.95,1.0,2.0,454.0,6.0,0.2,0.11,2.0,0.4,0.396,0.17,9.0,2.0,30.9,1.8,2.0,0.8,1.8,0.2,0.2,,1.6,,,,,,,,
876495,Sebastián Jurado,FC Juarez,649424,GK,28,Mexico,MEX,185.0,1.0,1804352,6.23,,,900.0,10.0,,,,,,0.01,,,24.3,,0.1,,0.1,,0.4,,0.1,0.1,,2.7,58.7,-4.5,1.9,,
1168815,Benny Díaz,FC Juarez,649424,GK,27,Mexico,MEX,187.0,24.0,391539,,,,,,,,,,,,,,,,,,,,,,,,,,,,,,
1707890,Guillermo Ruiz,FC Juarez,649424,,22,Spain,ESP,194.0,27.0,15000,,,,,,,,,,,,,,,,,,,,,,,,,,,,,,
425744,Jesús Murillo,FC Juarez,649424,CB,32,Colombia,COL,183.0,2.0,1409953,6.72,,,821.0,10.0,,0.09,0.5,0.2,,0.05,3.0,2.0,33.2,4.1,0.1,,0.9,2.4,4.4,0.8,1.1,0.329,,,,,,,
1187762,Moisés Mosquera,FC Juarez,649424,"CB,LB",24,Colombia,COL,187.0,3.0,2276436,6.77,,,900.0,10.0,,0.05,0.3,,,0.01,1.0,,40.7,4.0,,0.1,0.8,2.3,5.7,0.5,1.3,0.1,,,,,,,
848043,Alejandro Mayorga,FC Juarez,649424,"LB,CB",28,Mexico,MEX,177.0,4.0,1571791,6.49,,,623.0,8.0,,0.01,0.4,0.1,,0.11,5.0,2.0,28.0,2.5,0.7,0.1,1.3,1.3,2.2,0.3,1.4,0.144,,,,,,,
1347199,Denzell García,FC Juarez,649424,"RB,CDM,CM,CB",22,Mexico,MEX,170.0,5.0,3608917,6.98,2.0,1.0,859.0,10.0,0.21,0.16,1.4,0.6,0.105,0.1,11.0,2.0,28.5,2.1,0.5,0.3,1.5,0.8,1.3,0.3,1.0,0.105,,,,,,,
1603102,Diego Ochoa,FC Juarez,649424,CB,20,Mexico,MEX,189.0,14.0,584206,,,,,,,,,,,,,,,,,,,,,,,,,,,,,,
172324,Javier Aquino,FC Juarez,649424,"RB,RM,RWB,LB",36,Mexico,MEX,166.0,22.0,563373,,,,326.0,7.0,,,,,,0.03,2.0,,48.9,2.5,,,2.5,1.1,1.4,0.3,0.3,,,,,,,,
661270,José García,FC Juarez,649424,"CB,RB",30,Mexico,MEX,186.0,26.0,0,,,,106.0,4.0,,,,,,,,,,,,,,,,,,0.849,,,,,,,
1071281,Francisco Nevárez,FC Juarez,649424,RB,25,Mexico,MEX,178.0,33.0,434182,6.71,1.0,,659.0,9.0,0.14,0.02,0.7,0.1,,0.12,5.0,2.0,23.1,2.2,0.3,0.3,2.7,1.0,2.5,0.4,1.4,0.41,,,,,,,
1290173,Bryan Romero,FC Juarez,649424,CB,23,Mexico,MEX,185.0,184.0,86400,,,,,,,,,,,,,,,,,,,,,,,,,,,,,,
1658522,Eder López,FC Juarez,649424,LB,20,Mexico,MEX,,237.0,1210880,,,,185.0,4.0,,,,,,,3.0,2.0,,,,,,,,,,,,,,,,,
907253,Monchu,FC Juarez,649424,"CM,CDM,CAM",26,Spain,ESP,173.0,6.0,5510849,6.83,,,427.0,6.0,,0.04,0.8,0.4,,0.2,12.0,3.0,25.3,2.3,0.2,0.2,2.1,,1.5,0.4,2.3,0.211,,,,,,,
1118569,Guilherme Castilho,FC Juarez,649424,"CM,CDM,CAM",26,Brazil,BRA,179.0,8.0,2103035,6.96,3.0,,287.0,9.0,0.94,0.41,2.8,1.3,,0.19,9.0,1.0,30.1,1.6,0.6,0.9,3.1,1.6,1.3,0.3,1.9,0.314,,,,,,,
390785,Rodolfo Pizarro,FC Juarez,649424,"CAM,CDM,ST",32,Mexico,MEX,173.0,10.0,721632,6.15,1.0,1.0,456.0,10.0,0.2,0.07,1.2,0.4,0.197,0.05,5.0,,22.3,0.6,1.4,0.6,0.4,0.8,0.4,,1.2,0.197,,,,,,,
952904,Raymundo Fulgencio,FC Juarez,649424,"LM,RW",26,Mexico,MEX,173.0,13.0,1627774,,,,84.0,6.0,,,,,,,2.0,2.0,,,,,,,,,,,,,,,,,
1028441,Homer Martínez,FC Juarez,649424,"CDM,CM,ST,LWB",28,Colombia,COL,185.0,18.0,802480,6.43,,,497.0,9.0,,0.04,1.1,0.7,,0.09,4.0,1.0,29.9,2.9,,0.2,2.2,0.5,1.6,0.4,1.6,0.543,,,,,,,
766853,Jairo Torres,FC Juarez,649424,"RW,CAM",25,Mexico,MEX,169.0,20.0,1621915,,2.0,1.0,271.0,5.0,,,,,0.332,,2.0,1.0,,,,,,,,,,0.332,,,,,,,
1435885,Leonardo Rodriguez,FC Juarez,649424,,21,Mexico,MEX,167.0,183.0,25000,,,,,,,,,,,,,,,,,,,,,,,,,,,,,,
1899646,Kenneth Martínez,FC Juarez,649424,CDM,18,Mexico,MEX,,186.0,15000,,,,,,,,,,,,,,,,,,,,,,,,,,,,,,
1748492,Ricardo Juárez,FC Juarez,649424,,20,Mexico,MEX,182.0,198.0,25000,,,,,,,,,,,,,,,,,,,,,,,,,,,,,,
1116481,Madson,FC Juarez,649424,"RM,RW,LW,CAM",26,Brazil,BRA,164.0,9.0,1938123,,,1.0,230.0,3.0,,,,,0.391,,4.0,,,,,,,,,,,,,,,,,,
940333,José Luis Rodriguez,FC Juarez,649424,"LW,LM,RW,RM,CDM",27,Panama,PAN,180.0,11.0,1968456,7.39,2.0,3.0,867.0,10.0,0.21,0.12,1.8,0.7,0.311,0.29,24.0,9.0,22.5,0.5,1.3,0.7,0.6,0.2,0.1,,0.4,0.208,,,,,,,
1200027,Luca Martínez Dupuy,FC Juarez,649424,ST,24,Mexico,MEX,180.0,17.0,602065,6.39,,1.0,239.0,7.0,,0.79,5.6,1.9,0.377,0.08,2.0,2.0,4.9,,0.4,0.4,0.4,,0.4,,1.1,,,,,,,,
683880,Óscar Estupiñán,FC Juarez,649424,ST,29,Colombia,COL,182.0,19.0,2831923,6.77,3.0,2.0,731.0,10.0,0.37,0.54,2.6,0.9,0.246,0.05,10.0,,10.3,0.7,,0.7,0.1,,0.7,0.2,1.7,0.123,,,,,,,
1195451,Ricardinho,FC Juarez,649424,"RW,CAM,ST",27,Portugal,POR,178.0,21.0,850000,6.4,1.0,,343.0,6.0,0.26,0.29,1.6,0.8,,0.01,2.0,,15.2,0.3,0.5,0.8,1.6,0.3,1.6,,1.6,0.262,,,,,,,
1302079,Ettson Ayón,FC Juarez,649424,ST,24,Mexico,MEX,177.0,29.0,879346,,,,89.0,6.0,,,,,,,,,,,,,,,,,,,,,,,,,1.0
1436543,Israel Larios,FC Juarez,649424,RW,22,Mexico,MEX,169.0,208.0,80000,,,,,,,,,,,,,,,,,,,,,,,,,,,,,,
724529,Luis Malagón,CF America,6576,GK,29,Mexico,MEX,180.0,1.0,6779279,7.02,,,810.0,9.0,,,,,,0.0,,,24.2,,,,0.1,,0.6,,,,,2.3,70.0,0.6,1.0,0.556,
111873,Rodolfo Cota,CF America,6576,GK,38,Mexico,MEX,184.0,30.0,666721,,,,180.0,2.0,,,,,,,,,,,,,,,,,,0.5,,,,,,0.5,
1192231,Fernando Tapia,CF America,6576,GK,24,Mexico,MEX,185.0,35.0,1440870,,,,,,,,,,,,,,,,,,,,,,,,,,,,,,
1783373,Norberto Bedolla,CF America,6576,,20,Mexico,MEX,180.0,181.0,30000,,,,,,,,,,,,,,,,,,,,,,,,,,,,,,
1707163,César Lugo,CF America,6576,,22,Mexico,MEX,187.0,183.0,25000,,,,,,,,,,,,,,,,,,,,,,,,,,,,,,
1074586,Israel Reyes,CF America,6576,"CB,RB,CDM,CM",25,Mexico,MEX,179.0,3.0,2636370,7.14,,,810.0,9.0,,0.01,0.4,0.1,,0.05,5.0,1.0,60.1,8.3,0.1,0.2,0.8,0.9,4.9,0.8,0.9,0.111,,,,,,,
1020026,Sebastián Cáceres,CF America,6576,CB,26,Uruguay,URU,182.0,4.0,4889812,6.78,,,671.0,8.0,,,,,,0.01,,,55.8,2.5,0.3,,0.8,1.2,4.0,0.4,0.4,0.134,,,,,,,
924737,Kevin Álvarez,CF America,6576,"RB,RWB,CM,RM,CB",27,Mexico,MEX,175.0,5.0,2198135,7.15,,,720.0,8.0,,0.13,1.0,0.5,,0.04,2.0,,27.4,1.1,0.8,0.5,2.1,0.8,2.5,0.4,0.5,,,,,,,,
207793,Néstor Araújo,CF America,6576,RW,34,Mexico,MEX,188.0,14.0,339189,,,,,,,,,,,,,,,,,,,,,,,,,,,,,,
1228559,Aarón Mejía,CF America,6576,RB,24,Mexico,MEX,173.0,18.0,1385358,,,,225.0,3.0,,,,,,,4.0,,,,,,,,,,,0.8,,,,,,,
683964,Cristián Borja,CF America,6576,"LB,LWB,CB",33,Colombia,COL,179.0,26.0,1052087,7.01,,,900.0,11.0,,0.03,1.1,0.3,,0.07,11.0,1.0,43.1,3.1,0.3,0.1,1.9,0.8,1.4,0.3,1.1,,,,,,,,
1414582,Miguel Vázquez,CF America,6576,CB,22,Mexico,MEX,185.0,32.0,776145,,,,180.0,2.0,,,,,,,1.0,,,,,,,,,,,,,,,,,,
1576897,Dagoberto Espinoza,CF America,6576,RB,21,Mexico,MEX,,34.0,2258618,,,,,,,,,,,,,,,,,,,,,,,,,,,,,,
1410305,Ralph Orquin,CF America,6576,LB,22,Mexico,MEX,177.0,34.0,2116837,,,,,,,,,,,,,,,,,,,,,,,,,,,,,,
1085776,Ramón Juárez,CF America,6576,CB,24,Mexico,MEX,172.0,192.0,6649367,,,,276.0,7.0,,0.1,1.6,,,0.01,,,64.9,3.6,,,1.0,2.0,3.6,1.0,1.0,,0.326,,,,,,
189101,Jonathan dos Santos,CF America,6576,"CDM,CM",35,Mexico,MEX,172.0,6.0,372159,7.41,,1.0,615.0,9.0,,0.01,0.6,,0.146,0.11,11.0,2.0,90.4,5.9,0.6,0.1,2.3,2.2,1.3,0.3,0.4,,,,,,,,
848049,Alan Cervantes,CF America,6576,"CDM,CM",28,Mexico,MEX,178.0,13.0,2012277,,,,24.0,3.0,,,,,,,,,,,,,,,,,,,,,,,,,
391602,Rodrigo Dourado,CF America,6576,"CDM,CM",31,Brazil,BRA,187.0,17.0,2112000,7.09,,1.0,780.0,10.0,,0.03,0.5,0.2,0.115,0.04,7.0,,51.7,1.0,0.2,0.5,2.8,0.9,1.4,0.1,1.8,0.462,,,,,,,
1010702,Alexis Gutiérrez,CF America,6576,"CM,CAM,RW,LW,RM",26,Mexico,MEX,173.0,20.0,2091456,6.62,,,331.0,9.0,,0.04,0.5,0.3,,0.15,4.0,1.0,40.5,1.4,1.1,0.8,1.9,1.4,1.1,0.3,0.5,,,,,,,,
1636610,Thiago Espinosa,CF America,6576,"LM,CM,LB",21,Uruguay,URU,173.0,22.0,1500000,,,,80.0,2.0,,,,,,,3.0,,,,,,,,,,,1.125,,,,,,,
750740,Raphael Veiga,CF America,6576,"CAM,CDM,CM,RM",30,Brazil,BRA,178.0,23.0,7863166,7.2,2.0,2.0,435.0,7.0,0.41,0.29,4.3,2.1,0.414,0.27,11.0,1.0,38.3,1.9,0.4,0.2,1.0,0.4,0.2,,1.4,0.414,,,,,,,
772320,Érick Sánchez,CF America,6576,"CM,CDM,CAM,RW",26,Mexico,MEX,167.0,28.0,7255270,6.94,,,545.0,8.0,,0.19,2.8,0.8,,0.13,12.0,1.0,47.7,1.2,0.3,1.0,1.0,0.5,0.3,0.2,1.0,0.165,,,,,,,
1086640,Santiago Naveda,CF America,6576,CM,24,Mexico,MEX,180.0,34.0,678708,,,,,,,,,,,,,,,,,,,,,,,,,,,,,,
671606,Lima,CF America,6576,"CAM,CM",29,Brazil,BRA,181.0,45.0,2200000,,1.0,1.0,110.0,5.0,,,,,0.818,,4.0,,,,,,,,,,,,0.818,,,,,,
1704909,Diego Arriaga,CF America,6576,LW,21,Mexico,MEX,174.0,186.0,30000,,,,,,,,,,,,,,,,,,,,,,,,,,,,,,
1781685,Diego Rocio,CF America,6576,,18,USA,USA,,,0,,,,,,,,,,,,,,,,,,,,,,,,,,,,,,
941660,Brian Rodríguez,CF America,6576,"LW,RW,CAM,LM,ST",25,Uruguay,URU,174.0,7.0,6942969,7.45,3.0,2.0,731.0,11.0,0.37,0.36,2.8,0.7,0.246,0.21,24.0,2.0,31.4,0.9,2.1,0.7,0.9,0.2,,,1.1,0.246,,,,,,,
558452,Henry Martín,CF America,6576,ST,33,Mexico,MEX,177.0,9.0,1769801,,,1.0,247.0,4.0,,,,,0.364,,4.0,,,,,,,,,,,,,,,,,,
621882,Álex Zendejas,CF America,6576,"RW,CAM,LW,LM",28,USA,USA,167.0,10.0,8943776,,2.0,1.0,258.0,4.0,,,,,0.349,,6.0,1.0,,,,,,,,,,,,,,,,,
566247,Víctor Dávila,CF America,6576,"ST,RW,LW,CAM",28,Chile,CHI,173.0,11.0,4472293,6.58,2.0,,374.0,9.0,0.48,0.23,2.6,1.2,,0.02,1.0,,24.5,0.7,0.2,0.7,1.2,0.7,0.2,,1.9,0.241,,,,,,,
1197375,Isaías Violante,CF America,6576,RW,22,Mexico,MEX,173.0,12.0,5624059,,1.0,1.0,305.0,6.0,0.3,0.24,1.8,0.6,0.295,0.12,5.0,1.0,26.0,0.3,0.6,0.3,1.5,0.3,0.6,,0.9,,,,,,,,
1083320,Raúl Zúñiga,CF America,6576,"ST,RW",31,Colombia,COL,180.0,19.0,1419006,6.2,1.0,,370.0,10.0,0.24,0.24,0.5,0.5,,0.16,3.0,2.0,11.9,,0.2,0.7,1.2,,0.5,,1.2,0.243,,,,,,,
1513185,Patricio Salas,CF America,6576,ST,22,Mexico,MEX,,214.0,110000,6.53,1.0,1.0,305.0,9.0,0.3,0.37,3.5,0.9,0.295,0.12,7.0,1.0,22.1,0.3,0.9,0.6,2.1,0.6,,0.3,2.1,0.59,,,,,,,
50207,Camilo Vargas,Atlas,6577,GK,37,Colombia,COL,185.0,12.0,395576,6.58,,,990.0,11.0,,,,,,0.0,,,20.1,,0.1,,,,0.7,,,,,2.8,66.0,-4.5,1.5,0.273,
1173458,César Ramos,Atlas,6577,GK,25,Mexico,MEX,184.0,14.0,406362,,,,,,,,,,,,,,,,,,,,,,,,,,,,,,
1203587,Antonio Sánchez,Atlas,6577,GK,26,Mexico,MEX,,22.0,439568,,,,90.0,1.0,,,,,,,,,,,,,,,,,,,,,,,,1.0,
602570,Gustavo Ferrareis,Atlas,6577,"RWB,RB,RM,LWB",30,Brazil,BRA,177.0,3.0,1061730,6.88,,,848.0,10.0,,0.08,1.2,0.8,,0.12,9.0,1.0,27.6,2.2,0.4,0.3,1.0,1.1,2.7,,0.7,0.212,,,,,,,
918828,Adrián Mora,Atlas,6577,CB,28,Mexico,MEX,185.0,4.0,369972,,,,8.0,2.0,,,,,,,,,,,,,,,,,,,,,,,,,
721448,Gaddi Aguirre,Atlas,6577,"CB,RM",29,Mexico,MEX,173.0,13.0,712480,6.85,,1.0,1005.0,12.0,,0.04,0.6,,0.09,0.02,5.0,1.0,32.2,2.7,0.1,,2.9,1.5,3.5,0.4,1.3,0.358,,,,,,,
1085770,Rivaldo Lozano,Atlas,6577,"LWB,LM",27,Mexico,MEX,169.0,17.0,997880,,,,,,,,,,,,,,,,,,,,,,,,,,,,,,
838273,Rodrigo Adrián Schlegel,Atlas,6577,CB,28,Argentina,ARG,184.0,21.0,1279962,6.79,,1.0,990.0,11.0,,0.02,0.4,0.1,0.091,0.01,2.0,,42.4,4.0,,0.1,1.8,1.8,5.2,0.3,1.9,0.091,0.091,,,,,,
201110,Carlos Orrantía,Atlas,6577,"CB,RWB",35,Mexico,MEX,171.0,23.0,340630,,,,,,,,,,,,,,,,,,,,,,,,,,,,,,
1222434,Jorge Rodríguez,Atlas,6577,"LWB,LM,CB",24,Mexico,MEX,177.0,25.0,583522,6.8,,,523.0,7.0,,,,,,0.05,4.0,2.0,23.1,1.5,0.2,,1.5,0.9,4.8,0.3,0.7,0.344,,,,,,,
816132,Manuel Capasso,Atlas,6577,CB,29,Argentina,ARG,189.0,28.0,1200000,7.32,1.0,,1080.0,12.0,0.08,0.19,1.0,0.1,,0.01,3.0,,42.2,5.3,0.4,,1.4,2.3,8.4,0.8,1.4,0.167,,,,,,,
710479,Róber,Atlas,6577,CB,31,Spain,ESP,182.0,44.0,1000000,,,,,,,,,,,,,,,,,,,,,,,,,,,,,,
1611916,Jorge San Martín,Atlas,6577,CB,21,Mexico,MEX,185.0,218.0,35000,,,,,,,,,,,,,,,,,,,,,,,,,,,,,,
921399,Edyairth Ortega,Atlas,6577,CM,29,Mexico,MEX,176.0,,363214,,,,,,,,,,,,,,,,,,,,,,,,,,,,,,
766852,Édgar Zaldívar,Atlas,6577,CM,29,Mexico,MEX,175.0,6.0,592765,6.3,,,393.0,10.0,,0.07,0.9,,,0.05,2.0,,34.8,0.9,0.7,,0.9,0.9,1.1,,1.8,0.229,,,,,,,
571451,Mateo García,Atlas,6577,"LM,CAM",29,Argentina,ARG,167.0,8.0,1124608,6.75,1.0,1.0,409.0,7.0,0.22,0.02,0.9,0.4,0.22,0.04,3.0,1.0,35.0,1.5,0.7,0.4,1.8,0.4,0.4,,0.9,,,,,,,,
848182,Gustavo Del Prete,Atlas,6577,"LM,CM",29,Argentina,ARG,175.0,10.0,1054476,,,,20.0,2.0,,,,,,,2.0,,,,,,,,,,,,,,,,,,
1348496,Diego González,Atlas,6577,"CAM,RM,CM,RW",23,Paraguay,PAR,177.0,11.0,5156407,7.05,1.0,1.0,704.0,10.0,0.13,0.32,2.9,1.0,0.128,0.26,17.0,5.0,23.4,1.2,0.6,1.2,1.7,0.5,2.3,,1.0,0.256,,,,,,,1.0
1664780,Paulo Ramírez,Atlas,6577,"CM,CDM",23,Mexico,MEX,178.0,15.0,696651,6.38,1.0,,583.0,10.0,0.15,0.06,1.4,0.5,,0.05,3.0,1.0,22.4,0.6,0.5,0.2,1.9,1.1,0.9,0.5,1.5,0.154,0.154,,,,,,
418259,Aldo Rocha,Atlas,6577,"CM,CDM",33,Mexico,MEX,165.0,26.0,589645,6.79,,,1032.0,12.0,,0.01,0.4,,,0.03,8.0,,44.9,3.3,0.4,0.2,1.4,1.0,1.4,0.4,1.7,0.262,,,,,,,
1520968,Víctor Ríos,Atlas,6577,"CM,CB,LM",22,Mexico,MEX,191.0,27.0,330000,6.81,1.0,,461.0,11.0,0.2,0.02,0.8,0.4,,0.01,1.0,,39.4,2.1,0.2,0.6,2.7,2.0,2.7,0.6,2.0,0.586,,,,,,,
292903,Arturo González,Atlas,6577,"RM,RW,ST",31,Mexico,MEX,173.0,58.0,1225969,7.4,5.0,,846.0,12.0,0.53,0.32,1.8,0.7,,0.24,18.0,2.0,28.4,0.7,1.0,1.3,1.3,0.4,0.9,0.1,0.7,,,,,,,,1.0
1635975,Jesús Serrato,Atlas,6577,RM,20,Mexico,MEX,174.0,192.0,20000,,,,,,,,,,,,,,,,,,,,,,,,,,,,,,
1696068,Sergio Hernández,Atlas,6577,"LWB,CM,LM",21,Mexico,MEX,,199.0,25000,6.73,,1.0,646.0,9.0,,0.03,1.0,0.4,0.139,0.1,3.0,1.0,24.5,1.3,1.3,0.8,3.1,0.6,1.1,0.1,1.3,0.139,,,,,,,
1338987,Agustín Rodríguez,Atlas,6577,ST,28,Uruguay,URU,184.0,9.0,1800000,,1.0,,223.0,6.0,0.4,0.29,3.2,0.4,,0.02,1.0,,10.5,0.4,0.4,,,0.4,0.8,,2.0,,,,,,,,
689693,Eduardo Aguirre,Atlas,6577,"ST,LW,LM",27,Mexico,MEX,,19.0,1476903,6.62,1.0,1.0,547.0,12.0,0.16,0.25,1.6,0.7,0.165,0.04,5.0,,15.0,0.3,0.5,1.0,0.2,0.3,0.5,,1.6,0.329,,,,,,,2.0
1783371,José Martín,Atlas,6577,,18,Mexico,MEX,172.0,203.0,30000,,,,,,,,,,,,,,,,,,,,,,,,,,,,,,
1846742,Luis Gamboa,Atlas,6577,"ST,RW",17,Mexico,MEX,,251.0,50000,,,1.0,69.0,7.0,,,,,1.304,,2.0,,,,,,,,,,,,,,,,,,
1070198,Andrés Gudiño,Cruz Azul,6578,GK,29,Mexico,MEX,183.0,1.0,765363,7.23,,,990.0,11.0,,,,,,0.0,,,16.9,,,0.1,0.1,,1.1,,,0.273,,2.5,71.8,0.5,1.0,0.364,
1053720,Kevin Mier,Cruz Azul,6578,GK,25,Colombia,COL,,23.0,8914636,,,,90.0,1.0,,,,,,,,,,,,,,,,,,,,,,,,,
1393572,Emmanuel Ochoa,Cruz Azul,6578,GK,20,Mexico,MEX,188.0,30.0,1324910,,,,,,,,,,,,,,,,,,,,,,,,,,,,,,
1866185,Bruno Salgado,Cruz Azul,6578,,21,Mexico,MEX,,40.0,30000,,,,,,,,,,,,,,,,,,,,,,,,,,,,,,
965205,Willer Ditta,Cruz Azul,6578,"CB,CDM",29,Colombia,COL,,4.0,6000000,7.21,,1.0,990.0,11.0,,0.06,0.6,0.3,0.091,0.03,7.0,1.0,35.9,2.1,0.4,0.1,1.2,1.4,5.4,0.5,1.7,0.455,,,,,,,
1249286,Jesús Orozco,Cruz Azul,6578,CB,24,Mexico,MEX,189.0,5.0,9000000,,,,,,,,,,,,,,,,,,,,,,,,,,,,,,
971628,Érik Lira,Cruz Azul,6578,"CB,CM,CDM",25,Mexico,MEX,170.0,6.0,10580819,6.86,,,945.0,12.0,,0.01,0.2,,,0.02,2.0,,34.7,1.9,0.2,0.1,1.0,1.1,2.2,0.3,1.0,0.286,,,,,,,
1084523,Amaury García,Cruz Azul,6578,CB,24,Mexico,MEX,180.0,17.0,468810,6.62,,,287.0,9.0,,0.19,1.3,0.6,,0.13,2.0,,41.1,0.9,,,1.3,0.6,5.6,,1.3,,,,,,,,
1435880,Jorge Rodarte,Cruz Azul,6578,"CB,RWB",21,Mexico,MEX,179.0,22.0,30000,6.69,,1.0,310.0,8.0,,0.02,0.3,,0.29,0.1,4.0,1.0,16.5,1.2,0.9,,3.2,0.6,2.0,,1.2,0.29,,,,,,,
1239645,Cristian Jiménez,Cruz Azul,6578,CB,23,Mexico,MEX,,32.0,446170,,,,,,,,,,,,,,,,,,,,,,,,,,,,,,
479220,Gonzalo Piovi,Cruz Azul,6578,CB,31,Argentina,ARG,180.0,33.0,1824958,7.38,,,1080.0,12.0,,0.05,1.5,0.1,,0.08,10.0,,40.2,4.9,0.2,0.1,2.2,1.7,4.2,0.3,1.2,0.167,,,,,,,
1927875,Diego Ramirez,Cruz Azul,6578,,22,Mexico,MEX,171.0,39.0,0,,,,,,,,,,,,,,,,,,,,,,,,,,,,,,
1283439,Josué Díaz,Cruz Azul,6578,,21,Mexico,MEX,,209.0,501420,,,,,,,,,,,,,,,,,,,,,,,,,,,,,,
1222470,Omar Campos,Cruz Azul,6578,"LWB,RWB,RM",23,Mexico,MEX,174.0,3.0,3719571,6.98,,1.0,617.0,10.0,,0.05,1.0,0.3,0.146,0.09,10.0,,26.1,0.9,1.2,,2.3,1.3,1.3,0.6,0.3,,,,,,,,
879858,Agustín Palavecino,Cruz Azul,6578,"CM,CDM,CAM",29,Argentina,ARG,173.0,8.0,2550957,7.76,4.0,3.0,979.0,12.0,0.37,0.15,3.0,1.2,0.276,0.2,24.0,3.0,35.5,1.7,0.6,0.8,1.7,0.4,1.3,0.2,1.7,0.46,,,,,,,
1341356,Andrés Montaño,Cruz Azul,6578,"CM,CAM",23,Mexico,MEX,174.0,10.0,2368832,,1.0,,95.0,4.0,,,,,,,4.0,,,,,,,,,,,,,,,,,,
1125498,Jeremy Márquez,Cruz Azul,6578,"CDM,CM",25,Mexico,MEX,177.0,16.0,4009410,7.09,1.0,,847.0,12.0,0.11,0.06,1.3,0.4,,0.07,10.0,,31.3,1.1,0.6,0.3,1.9,1.2,0.7,0.3,1.2,,,,,,,,
1160089,Luka Romero,Cruz Azul,6578,"CAM,RW,CM,LM",21,Argentina,ARG,165.0,18.0,6457150,6.43,,,295.0,10.0,,0.34,3.4,0.9,,0.06,2.0,1.0,22.9,0.3,1.2,0.6,1.8,,0.3,,1.8,0.61,,,,,,,
769593,Carlos Rodríguez,Cruz Azul,6578,"CM,CDM,CAM,LW,ST,LM,LWB",29,Mexico,MEX,176.0,19.0,2470000,7.49,3.0,,947.0,12.0,0.29,0.07,1.2,0.5,,0.21,31.0,2.0,39.6,2.3,0.6,0.9,1.0,0.3,0.3,0.1,1.0,0.095,,,,,,,
994917,José Paradela,Cruz Azul,6578,"CAM,RW,RM,ST,LW",27,Argentina,ARG,,20.0,8712193,7.27,5.0,2.0,856.0,12.0,0.53,0.39,2.9,1.5,0.21,0.17,12.0,2.0,19.7,0.5,1.8,1.1,1.7,,,0.1,2.5,0.21,,,,,,,
855911,Carlos Rodolfo Rotondi,Cruz Azul,6578,"LWB,LM,CAM,CB",29,Argentina,ARG,,29.0,3500000,7.46,2.0,1.0,905.0,11.0,0.2,0.24,2.1,0.9,0.099,0.23,19.0,4.0,20.9,0.7,0.6,0.8,2.2,1.0,2.7,0.6,1.0,0.199,,,,,,,
1504620,Karol Velázquez,Cruz Azul,6578,RWB,20,Mexico,MEX,175.0,35.0,538755,,,,2.0,1.0,,,,,,,,,,,,,,,,,,,,,,,,,
1523535,Amaury Morales,Cruz Azul,6578,RWB,20,Mexico,MEX,169.0,194.0,2629775,6.43,,1.0,155.0,8.0,,0.08,1.7,,0.581,0.08,2.0,,19.7,,2.3,0.6,1.2,,0.6,,1.7,,,,,,,,
1816031,Emmanuel Sánchez,Cruz Azul,6578,,20,Mexico,MEX,,200.0,20000,,,,,,,,,,,,,,,,,,,,,,,,,,,,,,
1888854,Rogelio González,Cruz Azul,6578,,21,Mexico,MEX,,203.0,20000,,,,6.0,1.0,,,,,,,,,,,,,,,,,,,,,,,,,
1838728,Diego Valdez,Cruz Azul,6578,,20,Mexico,MEX,,239.0,15000,,,,,,,,,,,,,,,,,,,,,,,,,,,,,,
996018,Nicolás Ibánez,Cruz Azul,6578,ST,31,Argentina,ARG,180.0,7.0,1511772,6.76,2.0,1.0,549.0,10.0,0.33,0.42,3.6,1.0,0.164,0.13,6.0,,13.0,0.2,1.0,0.3,0.3,0.2,0.8,,2.5,0.328,,,,,,,
692891,Christian Ebere,Cruz Azul,6578,ST,27,Nigeria,NGA,,11.0,900000,,,1.0,93.0,5.0,,,,,0.968,,3.0,1.0,,,,,,,,,,,,,,,,,
434180,Gabriel Fernández,Cruz Azul,6578,"ST,CAM",31,Uruguay,URU,186.0,21.0,1439576,7.34,4.0,4.0,645.0,10.0,0.56,0.43,3.9,1.5,0.558,0.04,13.0,3.0,11.2,0.4,1.0,0.4,0.7,,0.7,,2.2,,0.14,,,,,,2.0
1529771,Bryan Gamboa,Cruz Azul,6578,,24,Mexico,MEX,,27.0,20000,,,,,,,,,,,,,,,,,,,,,,,,,,,,,,
1603851,Mateo Levy,Cruz Azul,6578,ST,19,Mexico,MEX,175.0,34.0,50000,,,,155.0,6.0,,0.24,4.1,1.2,,0.02,2.0,,7.0,,,1.2,1.2,,1.2,1.2,1.7,0.581,,,,,,,
188123,Hugo González,Toluca,6618,GK,35,Mexico,MEX,183.0,1.0,491747,,,,450.0,5.0,,,,,,,1.0,,,,,,,,,,,0.2,,,,,,0.6,
1699722,David Shrem,Toluca,6618,,20,Mexico,MEX,195.0,18.0,20000,,,,,,,,,,,,,,,,,,,,,,,,,,,,,,
417520,Luis García,Toluca,6618,GK,33,Mexico,MEX,183.0,22.0,385289,7.47,,,540.0,6.0,,,,,,0.0,1.0,,21.3,,,,,,0.7,,,,,2.8,85.0,1.3,0.5,0.5,
766850,Diego Barbosa,Toluca,6618,"RB,RWB,RM",29,Mexico,MEX,173.0,2.0,1343308,7.19,1.0,,588.0,9.0,0.15,0.06,1.4,0.6,,0.11,4.0,1.0,28.2,0.5,1.2,0.3,3.7,0.5,1.7,0.6,2.4,0.459,,,,,,,
291556,Antonio Briseño,Toluca,6618,CB,32,Mexico,MEX,185.0,3.0,655523,,1.0,,233.0,4.0,,,,,,,2.0,,,,,,,,,,,,,,,,,,1.0
933574,Bruno Méndez,Toluca,6618,"CB,RB",26,Uruguay,URU,180.0,4.0,3021378,7.28,,,526.0,6.0,,0.04,0.7,,,0.02,2.0,,36.1,3.1,,,1.5,2.6,3.1,0.5,0.2,0.342,,,,,,,
1053836,Federico Pereira,Toluca,6618,CB,26,Uruguay,URU,187.0,6.0,7410630,7.37,1.0,,745.0,10.0,0.12,0.21,1.6,0.4,,0.02,8.0,2.0,55.9,4.6,,0.2,0.8,1.7,4.5,0.2,1.4,0.242,,,,,,,
1128764,Mauricio Isaís,Toluca,6618,LB,24,Mexico,MEX,184.0,12.0,929937,,,,170.0,3.0,,,,,,,1.0,,,,,,,,,,,,,,,,,,
387490,Luan,Toluca,6618,CB,32,Brazil,BRA,189.0,13.0,956699,,,,255.0,6.0,,0.02,1.1,0.4,,0.01,1.0,,46.6,2.5,,,1.1,2.5,4.9,0.4,1.4,0.353,,,,,,,
1208803,Santiago Simón,Toluca,6618,"RB,RWB,RW,CM",23,Argentina,ARG,178.0,19.0,6369718,7.05,,1.0,597.0,8.0,,0.03,0.6,0.2,0.151,0.26,13.0,4.0,36.0,2.4,0.9,0.2,1.1,0.9,1.5,0.3,1.8,0.151,,,,,,,
597976,Jesús Gallardo,Toluca,6618,"LB,LWB,LM",31,Mexico,MEX,176.0,20.0,2280967,7.53,1.0,2.0,729.0,9.0,0.12,0.23,1.5,0.2,0.247,0.23,9.0,2.0,34.0,1.7,0.7,0.9,2.5,0.4,1.5,,1.7,0.494,,,,,,,1.0
1353113,Everardo López,Toluca,6618,"CB,LB",20,Mexico,MEX,180.0,25.0,1500000,6.79,,,554.0,8.0,,0.05,0.6,0.2,,0.02,2.0,1.0,36.6,2.6,0.2,,1.3,1.8,2.4,0.3,0.6,,,,,,,,
1178451,Alek Álvarez,Toluca,6618,LW,22,Mexico,MEX,174.0,35.0,544938,,,,8.0,1.0,,,,,,,,,,,,,,,,,,,,,,,,,
1783531,Sebastián Aceves,Toluca,6618,RB,20,Mexico,MEX,,184.0,80000,,,,85.0,1.0,,,,,,,2.0,,,,,,,,,,,,,,,,,,
833581,Franco Romero,Toluca,6618,"CDM,CM",25,Argentina,ARG,178.0,5.0,3911755,,,,,,,,,,,,,,,,,,,,,,,,,,,,,,
1099712,Nicolás Castro,Toluca,6618,"CM,CAM,LW,LM,CDM,RW",25,Argentina,ARG,182.0,8.0,2641807,6.96,,,413.0,8.0,,0.21,3.7,1.3,,0.13,11.0,,42.7,2.2,1.7,1.1,1.1,0.7,0.4,,0.9,,,,,,,,
730888,Jesús Angulo,Toluca,6618,"CAM,RW,RM,CM,LM,ST",29,Mexico,MEX,170.0,10.0,2906099,7.37,2.0,,656.0,10.0,0.27,0.3,2.1,0.5,,0.21,26.0,1.0,38.3,1.4,1.1,0.5,0.8,0.3,,,0.4,0.274,,,,,,,
950681,Marcel Ruíz,Toluca,6618,"CDM,CM,CAM",25,Mexico,MEX,179.0,14.0,9289064,7.84,1.0,2.0,719.0,8.0,0.13,0.23,2.1,0.4,0.25,0.24,15.0,6.0,49.1,2.4,0.3,0.4,3.1,1.0,1.5,0.4,1.6,0.626,,,,,,,
659034,Fernando Arce,Toluca,6618,CDM,29,USA,USA,181.0,24.0,651054,,,,271.0,4.0,,,,,,,,,,,,,,,,,,0.332,,,,,,,
1025983,Frankie Amaya,Toluca,6618,CM,25,USA,USA,163.0,24.0,1134984,,,,,,,,,,,,,,,,,,,,,,,,,,,,,,
1448133,Víctor Arteaga,Toluca,6618,CDM,22,Mexico,MEX,174.0,33.0,786499,,,,65.0,1.0,,,,,,,,,,,,,,,,,,,,,,,,,
1644439,Francisco Pumpido,Toluca,6618,RB,21,Mexico,MEX,,187.0,40000,,,,45.0,1.0,,,,,,,,,,,,,,,,,,,,,,,,,
1789757,José Arroyo,Toluca,6618,,19,Mexico,MEX,160.0,207.0,15000,,,,,,,,,,,,,,,,,,,,,,,,,,,,,,
1798272,Jose Estrada,Toluca,6618,,18,Mexico,MEX,,250.0,25000,,,,,,,,,,,,,,,,,,,,,,,,,,,,,,
915602,Sebastián Córdova,Toluca,6618,"ST,RW",28,Mexico,MEX,173.0,7.0,3000000,6.49,,2.0,286.0,8.0,,0.35,2.2,0.9,0.629,0.15,6.0,2.0,23.9,1.3,1.6,0.6,1.3,0.3,0.3,,2.5,0.315,,,,,,,
728365,Alexis Vega,Toluca,6618,"LW,ST,CAM,RW,LM",28,Mexico,MEX,165.0,9.0,6772939,,,,99.0,2.0,,,,,,,8.0,1.0,,,,,,,,,,,,,,,,,
935183,Helinho,Toluca,6618,"RW,RM,ST",25,Brazil,BRA,,11.0,4460508,7.33,3.0,1.0,341.0,7.0,0.79,0.7,5.3,2.1,0.264,0.17,11.0,,34.6,2.6,3.7,1.3,0.8,0.8,,,1.1,0.528,,,,,,,
1179357,Pável Pérez,Toluca,6618,"LW,CAM,CM",27,Mexico,MEX,168.0,15.0,1326154,6.9,,1.0,523.0,11.0,,0.11,1.9,0.5,0.172,0.27,15.0,1.0,34.8,1.2,1.7,1.0,2.1,0.5,0.3,,1.4,,,,,,,,
1367053,Oswaldo Virgen,Toluca,6618,ST,20,Mexico,MEX,180.0,23.0,950000,,,,68.0,2.0,,,,,,,,,,,,,,,,,,,,,,,,,
361377,Paulinho,Toluca,6618,ST,33,Portugal,POR,188.0,26.0,4894068,7.44,6.0,2.0,760.0,10.0,0.71,0.71,4.1,1.5,0.237,0.16,5.0,2.0,10.3,0.5,0.2,0.8,0.5,0.1,0.6,,1.8,0.237,,,,,,,1.0
1456400,Franco Rossi,Toluca,6618,ST,23,Uruguay,URU,180.0,27.0,750000,,,,171.0,5.0,,,,,,,,,,,,,,,,,,,,,,,,,
914079,Jorge Díaz,Toluca,6618,ST,27,Mexico,MEX,176.0,29.0,550000,,1.0,2.0,276.0,7.0,0.33,0.57,3.3,2.0,0.652,0.26,4.0,2.0,28.7,0.7,0.7,0.3,1.0,0.7,0.7,,1.3,,,,,,,,
1888866,Giovani Bravo,Toluca,6618,,20,Mexico,MEX,180.0,189.0,20000,,,,,,,,,,,,,,,,,,,,,,,,,,,,,,
1227878,Raúl Rangel,Chivas,7807,GK,26,Mexico,MEX,187.0,1.0,5698141,7.15,,,990.0,11.0,,,,,,0.01,2.0,,26.4,,,,,,1.2,,,0.182,,2.3,71.4,-0.1,0.9,0.455,
522580,Óscar Whalley,Chivas,7807,GK,31,Spain,ESP,189.0,13.0,328651,,,,,,,,,,,,,,,,,,,,,,,,,,,,,,
1432423,Eduardo García,Chivas,7807,GK,23,Mexico,MEX,,30.0,600228,,,,,,,,,,,,,,,,,,,,,,,,,,,,,,
1184671,José Castillo,Chivas,7807,"CB,RWB",24,Mexico,MEX,178.0,2.0,1968674,7.18,1.0,,882.0,11.0,0.1,0.09,0.6,0.1,,0.01,1.0,,58.7,3.3,0.4,0.1,2.0,0.8,3.3,0.5,0.8,,,,,,,,
988723,Gilberto Sepúlveda,Chivas,7807,CB,27,Mexico,MEX,180.0,3.0,2467620,,,,19.0,1.0,,,,,,,,,,,,,,,,,,4.737,,,,,,,
950047,Miguel Tapias,Chivas,7807,CB,29,Mexico,MEX,179.0,4.0,1618445,,,,53.0,2.0,,,,,,,,,,,,,,,,,,1.698,,,,,,,
1112940,Bryan González,Chivas,7807,"LWB,LB,CB,LW,LM",22,Mexico,MEX,181.0,5.0,4245679,7.56,1.0,3.0,990.0,11.0,0.09,0.18,2.0,0.7,0.273,0.14,12.0,3.0,32.9,1.2,1.1,0.1,1.9,0.9,3.2,0.2,1.1,0.091,,,,,,,1.0
921174,Luis Romo,Chivas,7807,"CB,CDM,CM",30,Mexico,MEX,182.0,7.0,2083619,7.31,,1.0,490.0,6.0,,0.06,1.5,0.6,0.184,0.02,3.0,1.0,57.5,6.4,0.2,0.2,0.9,1.5,5.3,,0.9,0.367,,,,,,,
1169763,Diego Campillo,Chivas,7807,"CB,CDM,CM",24,Mexico,MEX,180.0,19.0,1259183,7.02,,1.0,601.0,9.0,,,,,0.15,0.05,3.0,1.0,66.5,3.6,0.3,0.1,1.2,2.4,5.4,0.6,1.0,,,,,,,,
1251789,Daniel Aguirre,Chivas,7807,"CB,CDM,RWB",26,USA,USA,170.0,23.0,330000,7.43,2.0,2.0,854.0,10.0,0.21,0.17,1.4,0.4,0.211,0.15,10.0,5.0,50.3,3.5,0.2,,1.5,2.0,2.7,0.3,1.5,0.632,,,,,,,2.0
1333094,Miguel Gómez,Chivas,7807,"RB,RWB",23,Mexico,MEX,173.0,24.0,1058217,,,,100.0,7.0,,0.02,0.9,,,0.04,2.0,,27.0,,2.7,,6.3,0.9,2.7,,3.6,,,,,,,,
1132863,Leonardo Sepúlveda,Chivas,7807,CB,24,USA,USA,182.0,27.0,413140,,,,,,,,,,,,,,,,,,,,,,,,,,,,,,
1457481,Ángel Chávez,Chivas,7807,,21,Mexico,MEX,181.0,56.0,250000,,,,5.0,1.0,,,,,,,,,,,,,,,,,,,,,,,,,
610473,Omar Govea,Chivas,7807,"CDM,CM",30,Mexico,MEX,176.0,6.0,1404481,7.14,,,745.0,9.0,,0.04,0.6,0.1,,0.04,2.0,,63.1,2.7,0.4,0.7,2.2,0.6,1.3,,1.4,0.604,,,,,,,
927365,Efraín Álvarez,Chivas,7807,"CAM,CM,RM,LW,RW,ST",23,Mexico,MEX,173.0,10.0,4759531,7.28,1.0,2.0,731.0,11.0,0.12,0.16,2.3,0.6,0.246,0.36,24.0,7.0,56.1,5.3,1.1,1.2,0.7,0.1,0.1,,0.5,,,,,,,,
1170238,Brian Gutiérrez,Chivas,7807,"CM,CAM,CDM",22,Mexico,MEX,178.0,11.0,6657382,6.89,1.0,,614.0,11.0,0.15,0.11,2.9,0.9,,0.07,9.0,2.0,47.6,1.8,1.2,0.9,2.3,0.3,0.3,,1.9,,,,,,,,
497838,Érick Gutiérrez,Chivas,7807,"CDM,CM",30,Mexico,MEX,177.0,15.0,2123329,,,,,,,,,,,,,,,,,,,,,,,,,,,,,,
720737,Roberto Alvarado,Chivas,7807,"CAM,RW,RM,ST,RWB,CM,CB",27,Mexico,MEX,172.0,25.0,6408376,7.61,1.0,2.0,956.0,11.0,0.09,0.16,2.2,1.0,0.188,0.18,26.0,3.0,45.6,1.8,1.3,1.0,1.2,0.6,0.8,0.2,1.5,,,,,,,,
1603101,Hugo Camberos,Chivas,7807,RW,19,Mexico,MEX,176.0,26.0,2500000,,1.0,,104.0,4.0,,,,,,,3.0,1.0,,,,,,,,,,,,,,,,,
430764,Rubén González,Chivas,7807,"CM,CDM",32,Mexico,MEX,175.0,28.0,1212409,6.84,,,559.0,9.0,,0.01,0.3,,,0.09,4.0,1.0,62.5,2.7,0.2,0.2,3.9,2.1,1.1,0.3,2.1,0.483,,,,,,,
1457724,Jonathan Padilla,Chivas,7807,CM,20,Mexico,MEX,178.0,31.0,1800000,,1.0,,61.0,6.0,,,,,,,2.0,1.0,,,,,,,,,,,,,,,,,
942980,Richard Ledezma,Chivas,7807,"RWB,RB,LWB,CAM,CB",25,Mexico,MEX,174.0,37.0,2457131,7.17,1.0,3.0,734.0,10.0,0.12,0.07,1.1,0.4,0.368,0.2,19.0,3.0,33.2,1.0,0.5,0.1,0.5,0.4,0.6,0.2,0.6,0.613,,,,,,,
196884,Alan Pulido,Chivas,7807,ST,35,Mexico,MEX,171.0,9.0,759943,,,,,,,,,,,,,,,,,,,,,,,,,,,,,,
693676,Ricardo Marín,Chivas,7807,ST,28,Mexico,MEX,181.0,17.0,1150595,6.47,1.0,2.0,117.0,8.0,0.77,0.57,5.4,3.1,1.538,0.32,5.0,2.0,23.1,0.8,,0.8,1.5,,,,6.2,,,,,,,,
1136270,Jonathan Pérez,Chivas,7807,"RW,LW,RM",23,Mexico,MEX,168.0,18.0,880000,,,,,,,,,,,,,,,,,,,,,,,,,,,,,,
215428,Ángel Sepúlveda,Chivas,7807,"ST,CAM",35,Mexico,MEX,180.0,20.0,612470,6.69,3.0,1.0,356.0,11.0,0.76,0.9,2.8,1.8,0.253,0.23,6.0,2.0,16.7,0.8,0.8,0.3,0.3,,0.8,,1.0,0.506,,,,,,,1.0
1456983,Armando González,Chivas,7807,ST,22,Mexico,MEX,178.0,34.0,2243983,7.44,10.0,,777.0,11.0,1.16,1.3,4.2,2.2,,0.07,8.0,,14.6,0.2,0.5,0.7,0.6,,0.6,,1.0,0.116,,,,,,,
242197,Julio González,Puebla,7847,GK,34,Mexico,MEX,183.0,1.0,595708,,,,,,,,,,,,,,,,,,,,,,,,,,,,,,
1183510,Juan Gómez,Puebla,7847,,24,Mexico,MEX,,23.0,522013,,,,,,,,,,,,,,,,,,,,,,,,,,,,,,
1191817,Daniel Gutierrez,Puebla,7847,GK,28,Mexico,MEX,181.0,28.0,529847,7.05,,,990.0,11.0,,0.01,0.1,,,0.0,1.0,,17.5,,0.1,,0.2,,0.5,,0.1,0.364,,3.4,74.0,0.8,1.2,0.364,
716086,Jesús Rodríguez,Puebla,7847,GK,32,Mexico,MEX,186.0,33.0,351218,,,,,,,,,,,,,,,,,,,,,,,,,,,,,,
734283,Juan Pablo Vargas,Puebla,7847,CB,30,Costa Rica,CRC,192.0,4.0,1000000,7.13,1.0,,720.0,8.0,0.13,0.01,0.3,0.1,,0.05,6.0,1.0,32.4,2.5,0.1,,0.9,1.0,6.5,0.9,0.6,,,,,,,,
848048,Ulises Torres,Puebla,7847,"LB,CB",28,Mexico,MEX,191.0,5.0,80000,,,,90.0,1.0,,,,,,,,,,,,,,,,,,,,,,,,,
841170,Nicolás Díaz,Puebla,7847,"CB,CM,RB,LM,LWB,LB,CAM",26,Chile,CHI,178.0,6.0,1130149,7.12,,,783.0,9.0,,0.02,0.5,0.1,,0.09,11.0,1.0,40.9,4.9,0.2,0.1,2.0,1.4,6.3,0.6,1.1,0.345,0.115,,,,,,
1399027,Fernando Monárrez,Puebla,7847,"LB,LWB",26,Mexico,MEX,173.0,7.0,477216,6.94,,,577.0,8.0,,0.03,0.8,0.2,,0.05,7.0,1.0,31.5,1.4,0.6,0.3,2.2,1.4,3.4,0.3,1.2,0.312,0.156,,,,,,
1352812,Iker Moreno,Puebla,7847,"RB,RM,RWB",22,Mexico,MEX,172.0,12.0,686456,6.99,,,866.0,10.0,,,,,,0.05,7.0,,31.1,1.5,0.6,0.1,1.9,1.2,3.1,0.4,0.9,0.208,,,,,,,
1504613,José Pachuca,Puebla,7847,"CB,RM",20,Mexico,MEX,190.0,20.0,855076,,1.0,,197.0,6.0,0.46,0.04,0.9,0.5,,0.02,,,46.6,4.6,0.9,,3.2,1.4,6.4,1.8,2.3,0.457,,,,,,,
1658519,Eduardo Navarro,Puebla,7847,CB,21,Mexico,MEX,179.0,192.0,694992,6.73,,,808.0,10.0,,0.04,0.4,0.1,,0.01,2.0,,24.8,0.7,0.1,,1.3,1.1,5.3,1.9,1.1,0.223,,,,,,,
1832559,Álvaro de la Rosa,Puebla,7847,RWB,20,Mexico,MEX,,195.0,688794,,,,,,,,,,,,,,,,,,,,,,,,,,,,,,
1222037,Luis Gabriel Rey,Puebla,7847,"CB,CM,CDM",23,Mexico,MEX,,3.0,1142703,6.73,,,807.0,11.0,,0.1,1.7,0.1,,0.07,6.0,1.0,40.6,4.2,0.8,,1.8,0.7,2.7,0.8,1.2,0.112,,,,,,,
1217100,Miguel Ramírez,Puebla,7847,CM,23,USA,USA,,8.0,639809,,,,66.0,4.0,,,,,,,2.0,,,,,,,,,,,,,,,,,,
1035189,Raúl Castillo,Puebla,7847,"CM,ST",24,Mexico,MEX,177.0,10.0,823223,,,,,,,,,,,,,,,,,,,,,,,,,,,,,,
1342851,Alonso Ramírez,Puebla,7847,"CM,CDM",24,Mexico,MEX,173.0,16.0,40000,6.65,,,485.0,9.0,,0.06,1.1,0.2,,0.02,2.0,1.0,26.0,1.5,0.2,0.2,3.2,1.9,1.3,0.4,2.2,0.371,,,,,,,
1613475,Ariel Gamarra,Puebla,7847,CM,23,Paraguay,PAR,175.0,18.0,514951,,,,89.0,2.0,,,,,,,,,,,,,,,,,,,,,,,,,
996036,Carlos Baltazar,Puebla,7847,"CAM,LW",29,Mexico,MEX,171.0,22.0,447623,6.9,1.0,2.0,523.0,11.0,0.17,0.24,2.2,1.4,0.344,0.09,12.0,2.0,23.6,0.7,2.2,0.3,1.5,0.5,0.5,0.3,1.0,,,,,,,,
1139937,Alejandro Organista,Puebla,7847,"CM,LM,CAM,RM,CDM",25,Mexico,MEX,171.0,24.0,585351,6.52,,,563.0,11.0,,0.1,1.1,0.3,,0.1,6.0,1.0,40.8,1.8,0.6,0.2,2.1,0.3,1.4,0.2,2.1,0.32,,,,,,,
684129,Brayan Garnica,Puebla,7847,RM,29,Mexico,MEX,,27.0,745883,,,1.0,145.0,7.0,,0.04,0.6,,0.621,0.17,5.0,1.0,33.5,0.6,1.2,1.2,2.5,0.6,3.7,,0.6,,,,,,,,
384673,Lucas Daniel Cavallini,Puebla,7847,ST,33,Canada,CAN,182.0,9.0,2300000,,,,,,,,,,,,,,,,,,,,,,,,,,,,,,
935366,Emiliano Gómez,Puebla,7847,"ST,LW,LM,CAM,CM",24,Uruguay,URU,178.0,11.0,1848632,6.77,1.0,1.0,830.0,11.0,0.11,0.1,2.1,0.8,0.108,0.06,14.0,,17.0,0.3,1.2,0.4,0.5,0.1,0.7,,0.4,,,,,,,,
1200722,Edgar Guerra,Puebla,7847,"RW,ST,RM,LW",25,Colombia,COL,,15.0,918124,6.96,3.0,1.0,822.0,11.0,0.33,0.35,3.4,1.6,0.109,0.06,6.0,1.0,17.6,1.5,1.3,0.3,1.2,0.4,0.7,,1.5,0.438,,,,,,,
1172985,Esteban Lozano,Puebla,7847,"ST,RW",23,Mexico,MEX,170.0,17.0,680422,6.36,2.0,,612.0,11.0,0.29,0.46,2.6,0.9,,0.02,4.0,,8.2,0.3,0.4,0.3,0.6,,2.1,0.3,1.5,,,,,,,,
1221231,Ignacio Maestro Puch,Puebla,7847,ST,22,Argentina,ARG,176.0,19.0,734621,,,,56.0,4.0,,,,,,,1.0,,,,,,,,,,,1.607,,,,,,,
1529775,Owen González,Puebla,7847,"LW,RM,RW",22,Mexico,MEX,169.0,21.0,140000,,,,20.0,2.0,,,,,,,,,,,,,,,,,,,,,,,,,
616400,Alexis Canelo,Puebla,7847,"ST,CAM",34,Argentina,ARG,178.0,25.0,220479,,,,14.0,1.0,,,,,,,1.0,,,,,,,,,,,,,,,,,,
978252,Kevin Velasco,Puebla,7847,"RW,CAM,CM",28,Colombia,COL,168.0,26.0,411519,7.0,,2.0,640.0,10.0,,0.07,2.0,0.6,0.281,0.17,24.0,2.0,30.0,1.3,1.5,0.3,1.3,0.3,,0.1,2.0,0.281,,,,,,,
1192467,Eduardo Mustre,Puebla,7847,,23,Mexico,MEX,169.0,29.0,70000,,,,15.0,3.0,,,,,,,,,,,,,,,,,,,,,,,,,
659757,Ángelo Araos,Puebla,7847,ST,29,Chile,CHI,180.0,32.0,336634,,,,66.0,3.0,,,,,,,2.0,,,,,,,,,,,,,,,,,,
991005,Carlos Moreno,Pachuca,7848,GK,28,Mexico,MEX,187.0,25.0,2069270,7.06,,,900.0,10.0,,,,,,0.0,3.0,,19.6,,,,,,1.1,,,0.3,0.1,2.5,73.5,1.1,0.9,0.2,
1226238,José Eulogio,Pachuca,7848,GK,22,Mexico,MEX,,31.0,475974,,,,90.0,1.0,,,,,,,,,,,,,,,,,,,,,,,,1.0,
1901738,César Camacho,Pachuca,7848,,19,Mexico,MEX,,241.0,20000,,,,,,,,,,,,,,,,,,,,,,,,,,,,,,
907723,Sergio Barreto,Pachuca,7848,CB,26,Argentina,ARG,184.0,2.0,2252209,7.23,,1.0,990.0,11.0,,0.06,0.6,,0.091,0.04,3.0,,40.8,3.9,,,1.4,0.5,6.6,0.3,1.2,0.182,,,,,,,
641247,Eduardo Bauermann,Pachuca,7848,CB,30,Brazil,BRA,186.0,4.0,1004475,7.19,,,990.0,11.0,,0.01,0.3,0.1,,0.0,,,30.5,2.2,0.2,,1.2,1.9,6.5,0.8,0.6,0.091,,,,,,,
1205874,Brian García,Pachuca,7848,"RB,LB",28,Mexico,MEX,170.0,12.0,1804583,7.6,1.0,3.0,900.0,10.0,0.1,0.06,0.8,0.1,0.3,0.09,14.0,2.0,39.3,2.9,0.7,,1.3,1.2,2.0,0.2,0.3,,,,,,,,
1502906,Jorge Berlanga,Pachuca,7848,"RB,LB,CB",22,Mexico,MEX,180.0,13.0,1034240,,,,109.0,2.0,,,,,,,,,,,,,,,,,,0.826,,,,,,,
1432143,Carlos Sánchez,Pachuca,7848,RB,23,Mexico,MEX,170.0,14.0,170000,7.25,,,485.0,7.0,,0.03,0.7,0.2,,0.03,3.0,,28.2,4.6,2.0,0.2,3.7,2.2,2.8,0.2,3.7,0.371,0.186,,,,,,
1203563,René López,Pachuca,7848,"RB,LB",24,Mexico,MEX,177.0,21.0,30000,,,,106.0,4.0,,,,,,,,,,,,,,,,,,,,,,,,,
671944,Alan Mozo,Pachuca,7848,RB,28,Mexico,MEX,175.0,22.0,2134687,,,,222.0,3.0,,,,,,,4.0,,,,,,,,,,,0.405,,,,,,,
200875,Luis Rodríguez,Pachuca,7848,"RB,CB",35,Mexico,MEX,171.0,24.0,341874,,,,,,,,,,,,,,,,,,,,,,,,,,,,,,
1502907,Pedro Martínez,Pachuca,7848,CB,24,Mexico,MEX,187.0,35.0,150000,,,,,,,,,,,,,,,,,,,,,,,,,,,,,,
1919167,David Collazo,Pachuca,7848,,21,Mexico,MEX,,142.0,0,,,,,,,,,,,,,,,,,,,,,,,,,,,,,,
1832995,Cristóbal Alfaro,Pachuca,7848,,18,Mexico,MEX,,184.0,20000,,,,,,,,,,,,,,,,,,,,,,,,,,,,,,
1440973,Andrés Micolta,Pachuca,7848,LB,26,Ecuador,ECU,194.0,222.0,1111600,,,,,,,,,,,,,,,,,,,,,,,,,,,,,,
1202775,Pedro Pedraza,Pachuca,7848,"CDM,CB,CM",25,Mexico,MEX,185.0,5.0,1192037,,,,80.0,5.0,,,,,,,,,,,,,,,,,,2.25,,,,,,,
643749,Víctor Guzmán,Pachuca,7848,"CAM,LW",31,Mexico,MEX,176.0,8.0,1358720,6.94,1.0,3.0,204.0,9.0,0.44,0.09,1.8,1.3,1.324,0.58,12.0,3.0,48.5,1.8,0.9,1.3,1.8,2.2,0.9,0.9,1.3,,,,,,,,
1109048,Israel Luna,Pachuca,7848,CDM,23,Mexico,MEX,175.0,15.0,721470,,,,,,,,,,,,,,,,,,,,,,,,,,,,,,
732548,Christian Rivera,Pachuca,7848,"CM,CDM",30,Colombia,COL,183.0,16.0,1431481,7.25,1.0,1.0,917.0,11.0,0.1,0.01,0.3,0.1,0.098,0.02,8.0,1.0,42.6,3.6,0.3,0.3,2.6,0.7,1.0,,2.9,0.196,,,,,,,
1292484,Alán Bautista,Pachuca,7848,"CDM,CAM,CM,RW",23,Mexico,MEX,168.0,26.0,2400000,6.55,,,609.0,11.0,,0.09,1.3,0.3,,0.1,8.0,1.0,23.5,0.7,0.4,0.4,0.6,0.3,1.2,0.1,0.9,0.148,,,,,,,
1502909,Elías Montiel,Pachuca,7848,"CDM,CM",20,Mexico,MEX,171.0,28.0,780000,,,,267.0,3.0,,,,,,,3.0,,,,,,,,,,,,,,,,,,
257865,William Carvalho,Pachuca,7848,CDM,33,Portugal,POR,190.0,41.0,907194,,,,,,,,,,,,,,,,,,,,,,,,,,,,,,
1406768,Ari Contreras,Pachuca,7848,LB,20,Mexico,MEX,178.0,185.0,725518,,,,67.0,1.0,,,,,,,,,,,,,,,,,,1.343,,,,,,,
1789747,Sergio Rodríguez,Pachuca,7848,CDM,22,Mexico,MEX,,188.0,25000,6.78,,,494.0,8.0,,0.04,0.7,0.4,,0.04,3.0,,25.3,2.2,0.5,,4.4,0.9,0.9,0.4,3.5,0.911,,,,,,,
1888848,Osvaldo González,Pachuca,7848,,20,Mexico,MEX,,198.0,20000,,,,,,,,,,,,,,,,,,,,,,,,,,,,,,
1658984,Gael Álvarez,Pachuca,7848,RW,20,Mexico,MEX,175.0,,30000,,,,2.0,1.0,,,,,,,,,,,,,,,,,,,,,,,,,
425810,Luis Quiñones,Pachuca,7848,"CAM,LW,RW",34,Colombia,COL,178.0,7.0,448986,6.62,,,324.0,11.0,,0.2,2.8,0.8,,0.14,9.0,1.0,36.7,0.8,1.1,1.1,5.0,0.6,1.1,,2.5,0.278,,,,,,,
195927,Enner Valencia,Pachuca,7848,ST,36,Ecuador,ECU,177.0,10.0,1098452,,1.0,,140.0,4.0,,,,,,,1.0,,,,,,,,,,,0.643,,,,,,,
690188,Oussama Idrissi,Pachuca,7848,LW,30,Morocco,MAR,182.0,11.0,5513315,7.07,3.0,1.0,647.0,11.0,0.42,0.06,1.1,0.4,0.139,0.2,18.0,5.0,29.2,3.8,1.5,0.6,1.5,0.1,0.4,,1.4,0.139,,,,,,,
1510568,Alexéi Domínguez,Pachuca,7848,"RW,CAM,RWB",21,Mexico,MEX,171.0,18.0,2335713,6.91,1.0,2.0,764.0,11.0,0.12,0.06,1.3,0.4,0.236,0.14,15.0,2.0,20.1,1.1,1.6,0.6,1.6,0.4,0.7,0.1,0.9,0.118,,,,,,,
51545,José Salomon Rondon,Pachuca,7848,ST,36,Venezuela,VEN,189.0,23.0,926296,7.12,5.0,,802.0,11.0,0.56,0.48,4.0,1.2,,0.03,5.0,,13.0,0.4,0.9,0.9,0.4,0.2,0.8,0.3,1.5,,,,,,,,
467354,Kenedy,Pachuca,7848,"RW,CAM,LW,ST",30,Brazil,BRA,182.0,29.0,755490,6.6,1.0,,509.0,9.0,0.18,0.14,3.7,1.4,,0.09,8.0,2.0,24.0,1.2,1.4,0.9,1.2,0.5,,,1.4,,,,,,,,
1729961,Juan Sigala,Pachuca,7848,RW,18,Mexico,MEX,,190.0,20000,,,,45.0,1.0,,,,,,,1.0,,,,,,,,,,,,,,,,,,
1888849,Cristóbal Hernández,Pachuca,7848,,18,Mexico,MEX,,267.0,20000,,,,33.0,2.0,,,,,,,1.0,,,,,,,,,,,,,,,,,,
514295,Luis Cárdenas,Monterrey,7849,GK,32,Mexico,MEX,180.0,22.0,375088,6.85,,,990.0,11.0,,,,,,0.0,1.0,,35.7,,,,,,1.2,,,,,3.5,71.7,-1.7,1.4,0.273,
848027,Santiago Mele,Monterrey,7849,GK,28,Uruguay,URU,185.0,25.0,1818513,,,,,,,,,,,,,,,,,,,,,,,,,,,,,,
659597,Ricardo Chávez,Monterrey,7849,"RB,RM",31,Mexico,MEX,176.0,2.0,1684551,7.05,,1.0,655.0,9.0,,0.06,1.4,0.1,0.137,0.11,11.0,,38.6,2.1,0.4,0.1,4.3,1.0,3.2,0.5,2.5,0.275,,,,,,,
797924,Gerardo Arteaga,Monterrey,7849,"LB,LM,LWB,RB,CM",27,Mexico,MEX,174.0,3.0,2794818,6.66,,,780.0,10.0,,0.02,0.5,0.1,,0.04,5.0,,37.8,1.0,0.7,0.2,1.3,0.6,1.0,,0.9,0.231,,,,,,,1.0
1128493,Víctor Guzmán,Monterrey,7849,CB,24,Mexico,MEX,174.0,4.0,7324082,6.91,,,649.0,8.0,,0.01,0.6,,,0.04,2.0,2.0,43.1,4.0,0.3,,1.1,1.9,6.5,0.6,1.2,,0.139,,,,,,
431992,Carlos Salcedo,Monterrey,7849,CB,32,Mexico,MEX,189.0,13.0,1086989,6.6,,,322.0,5.0,,,,,,,1.0,,,,,,,,,,,0.559,,,,,,,
564634,Érick Aguirre,Monterrey,7849,"RB,RWB",29,Mexico,MEX,171.0,14.0,1389288,,,,175.0,3.0,,,,,,,5.0,,,,,,,,,,,,,,,,,,
1203562,Alonso Aceves,Monterrey,7849,"LB,CB,LM",24,Mexico,MEX,180.0,19.0,1754025,6.85,,,789.0,11.0,,0.01,0.3,,,0.01,1.0,,63.0,5.5,0.3,0.2,2.3,1.0,5.8,0.5,0.7,,,,,,,,
766849,Luis Reyes,Monterrey,7849,"LB,CDM,CB,LWB",34,Mexico,MEX,182.0,21.0,339658,,,,213.0,5.0,,,,,,,11.0,1.0,,,,,,,,,,,,,,,,,
1044929,Gustavo Sánchez,Monterrey,7849,CB,25,Mexico,MEX,178.0,23.0,812494,,,,,,,,,,,,,,,,,,,,,,,,,,,,,,
206767,Stefan Medina,Monterrey,7849,"CB,CDM,LB,RB",33,Colombia,COL,177.0,33.0,1299845,6.68,,,497.0,8.0,,0.05,0.5,0.2,,0.04,2.0,,49.6,2.2,0.7,0.2,2.0,1.6,2.2,0.5,2.9,0.181,,,,,,,
1509761,César Bustos,Monterrey,7849,CB,20,Mexico,MEX,176.0,34.0,520000,,,,27.0,1.0,,,,,,,,,,,,,,,,,,,,,,,,,
1110661,Fidel Ambríz,Monterrey,7849,"CDM,CM,CB",23,Mexico,MEX,184.0,5.0,7192511,6.54,,,470.0,7.0,,0.17,1.7,0.6,,0.04,3.0,1.0,50.2,1.5,0.2,,2.3,1.1,1.7,0.2,0.8,,,,,,,,
316771,Óliver Torres,Monterrey,7849,"CDM,CM,CAM,LW,RW",31,Spain,ESP,174.0,8.0,2698625,7.14,,2.0,651.0,9.0,,0.05,1.8,0.3,0.276,0.17,8.0,2.0,54.2,4.3,0.8,0.8,2.5,1.4,0.7,0.3,0.4,0.138,,,,,,,
150649,Sergio Canales,Monterrey,7849,"CAM,RW,ST,CM,LM",35,Spain,ESP,176.0,10.0,2006659,7.18,3.0,2.0,803.0,10.0,0.34,0.26,3.3,1.3,0.224,0.16,25.0,1.0,45.2,1.8,0.3,0.8,0.4,0.2,,0.1,0.7,0.112,,,,,,,
210956,Jesús Corona,Monterrey,7849,"CAM,RW,LW,RM,ST,CDM",33,Mexico,MEX,174.0,17.0,1369990,7.14,3.0,1.0,313.0,8.0,0.86,0.13,2.0,1.4,0.288,0.39,10.0,2.0,33.6,4.0,2.9,1.4,0.6,0.6,,,1.7,0.575,,,,,,,
564610,Jorge Rodríguez,Monterrey,7849,"CM,CDM,CB,RW",30,Argentina,ARG,178.0,30.0,2465601,6.89,1.0,,498.0,8.0,0.18,0.02,0.9,0.5,,0.04,3.0,,60.2,3.4,0.2,0.7,2.7,2.0,2.9,0.5,1.6,0.181,,,,,,,
1496244,Sebastián Rodríguez,Monterrey,7849,"CM,CDM",18,Mexico,MEX,181.0,32.0,50000,,,,,,,,,,,,,,,,,,,,,,,,,,,,,,
1513010,Iker Fimbres,Monterrey,7849,"CDM,CM,CAM,LW",20,Mexico,MEX,174.0,35.0,4580089,6.8,2.0,,544.0,11.0,0.33,0.16,2.2,1.0,,0.09,7.0,,44.3,3.0,0.5,0.2,1.5,0.5,0.5,,1.3,,,,,,,,1.0
1888864,Omar Gálvez,Monterrey,7849,,19,Mexico,MEX,172.0,36.0,20000,,,,,,,,,,,,,,,,,,,,,,,,,,,,,,
1888865,Allen Rojas,Monterrey,7849,CDM,20,Mexico,MEX,171.0,38.0,25000,,,,111.0,3.0,,,,,,,1.0,,,,,,,,,,,,,,,,,,
1662492,José Urías,Monterrey,7849,,19,Mexico,MEX,168.0,41.0,20000,,,,,,,,,,,,,,,,,,,,,,,,,,,,,,
1838729,Carlos Frayde,Monterrey,7849,CM,21,Mexico,MEX,,42.0,20000,,,,,,,,,,,,,,,,,,,,,,,,,,,,,,
1603859,Cristian Reyes,Monterrey,7849,RW,19,Mexico,MEX,,,20000,,,1.0,137.0,3.0,,,,,0.657,,2.0,,,,,,,,,,,,,,,,,,
413557,Anthony Martial,Monterrey,7849,"ST,LW",30,France,FRA,181.0,9.0,6430804,,1.0,2.0,251.0,5.0,,,,,0.717,,5.0,3.0,,,,,,,,,,,,,,,,,
988833,Luca Orellano,Monterrey,7849,"LWB,RW,ST,LM,CAM,RWB,LW",25,Argentina,ARG,170.0,11.0,2736713,7.3,3.0,4.0,591.0,8.0,0.46,0.31,3.2,1.4,0.609,0.19,15.0,2.0,33.4,1.7,2.4,0.8,0.6,0.3,0.2,,1.1,0.152,,,,,,,
409152,Uros Djurdjevic,Monterrey,7849,ST,32,Montenegro,MNE,181.0,20.0,1454960,6.78,4.0,,906.0,11.0,0.4,0.38,3.0,1.0,,0.06,8.0,1.0,9.4,0.3,0.4,0.8,0.3,0.2,1.0,,1.3,0.099,,,,,,,
868061,Roberto de la Rosa,Monterrey,7849,"ST,CM",26,Mexico,MEX,177.0,27.0,1130484,6.5,,1.0,233.0,6.0,,0.32,3.9,1.2,0.386,0.11,5.0,,36.7,2.7,0.8,0.4,0.4,0.8,0.8,,1.2,,,,,,,,
357080,Lucas Ocampos,Monterrey,7849,"LW,ST",31,Argentina,ARG,187.0,29.0,3648119,6.43,,,334.0,8.0,,0.13,2.4,0.5,,0.07,8.0,1.0,26.7,1.6,0.8,,1.1,,0.8,,0.5,0.539,,,,,,,
1577972,Joaquín Moxica,Monterrey,7849,ST,20,Mexico,MEX,178.0,39.0,55000,,,,43.0,3.0,,,,,,,,,,,,,,,,,,,,,,,,,
751164,Carlos Acevedo,Santos Laguna,7857,GK,29,Mexico,MEX,182.0,1.0,2140242,6.0,,,970.0,11.0,,,,,,0.0,,,16.7,,,,,,0.5,,,,,4.0,59.7,-8.0,2.7,,
1169789,Héctor Holguín,Santos Laguna,7857,GK,24,Mexico,MEX,180.0,33.0,406362,,,,20.0,1.0,,,,,,,,,,,,,,,,,,,,,,,,,
1192255,Bruno Amione,Santos Laguna,7857,"LB,CB",24,Argentina,ARG,187.0,2.0,1759382,6.54,,,748.0,10.0,,0.03,0.1,,,0.01,1.0,,22.0,2.4,0.5,0.1,1.6,2.6,5.4,0.4,0.7,0.481,,,,,,,
466755,Javier Abella,Santos Laguna,7857,"RB,RWB",32,Mexico,MEX,175.0,4.0,686089,5.79,,,369.0,8.0,,0.02,0.7,0.2,,0.08,4.0,,25.1,1.7,,0.5,1.2,0.7,5.9,0.7,0.5,,0.244,,,,,,
823038,Efraín Orona,Santos Laguna,7857,"CB,LB",27,Mexico,MEX,182.0,14.0,746005,5.96,,,472.0,9.0,,0.05,1.0,0.2,,0.04,2.0,1.0,27.5,4.6,,,2.5,0.8,4.8,1.0,1.1,0.381,,,,,,,
1572473,Emmanuel Echeverría,Santos Laguna,7857,"LB,LWB",22,Mexico,MEX,174.0,17.0,959310,6.36,,,626.0,9.0,,0.01,0.4,0.3,,0.06,8.0,1.0,26.9,2.4,0.6,0.4,1.6,0.7,1.6,0.3,1.0,0.431,,,,,,,
1015112,Haret Ortega,Santos Laguna,7857,CB,25,Mexico,MEX,192.0,19.0,819786,6.07,,,652.0,8.0,,0.03,0.6,,,0.04,,,23.5,1.8,0.1,,1.7,1.1,5.9,0.6,1.4,0.276,,,,,,,
1435553,Kevin Picón,Santos Laguna,7857,RB,22,Mexico,MEX,172.0,22.0,20000,6.57,,,399.0,7.0,,,,,,0.11,1.0,1.0,18.3,0.2,0.9,,2.5,2.0,2.5,,2.0,0.677,,,,,,,1.0
1621323,Jonathan Pérez,Santos Laguna,7857,CB,20,Mexico,MEX,181.0,28.0,15000,,,,,,,,,,,,,,,,,,,,,,,,,,,,,,
675918,Kevin Balanta,Santos Laguna,7857,CB,28,Colombia,COL,183.0,35.0,1326001,6.54,,,608.0,7.0,,,,,,0.01,1.0,,31.8,3.7,0.4,,2.1,0.6,4.9,0.6,0.9,0.148,,,,,,,1.0
1910396,Juan Carlos Echilvestre,Santos Laguna,7857,,18,Mexico,MEX,175.0,185.0,30000,,,,39.0,2.0,,,,,,,,,,,,,,,,,,,,,,,,,
1138422,Aldo López,Santos Laguna,7857,"CDM,CM,CAM",25,Mexico,MEX,170.0,5.0,1079460,6.33,,,507.0,9.0,,0.05,1.2,0.4,,0.04,2.0,,24.0,2.8,0.2,0.7,1.6,1.1,0.7,0.2,0.7,0.178,,,,,,,
471119,Javier Güémez,Santos Laguna,7857,"CDM,CM,CAM",34,Mexico,MEX,172.0,6.0,490029,6.67,,1.0,480.0,8.0,,0.14,0.8,0.2,0.188,0.19,3.0,1.0,27.6,1.5,0.2,0.4,2.6,2.3,2.1,0.9,1.7,0.375,,,,,,,
1239856,Salvador Mariscal,Santos Laguna,7857,"CDM,CM",22,Mexico,MEX,182.0,8.0,971256,,,,69.0,3.0,,,,,,,1.0,,,,,,,,,,,,,,,,,,
972098,Ezequiel Bullaude,Santos Laguna,7857,"CAM,CM,ST",25,Argentina,ARG,184.0,10.0,1577935,7.0,4.0,1.0,682.0,10.0,0.53,0.19,1.6,0.7,0.132,0.13,12.0,4.0,17.3,1.1,2.0,0.5,1.1,0.1,1.2,,1.6,0.264,,,,,,,
317822,Carlos Gruezo,Santos Laguna,7857,"CDM,CM",30,Ecuador,ECU,172.0,11.0,901630,6.26,1.0,,793.0,10.0,0.11,0.03,0.6,0.1,,0.03,5.0,,21.0,2.8,0.2,0.3,2.0,1.2,0.9,0.2,2.8,0.454,0.113,,,,,,
638074,Fran Villalba,Santos Laguna,7857,"CAM,RW,CM,LW,CDM",27,Spain,ESP,168.0,21.0,1174941,6.95,2.0,1.0,835.0,10.0,0.22,0.18,1.3,0.4,0.108,0.22,20.0,2.0,28.0,3.3,0.9,0.4,0.8,0.6,0.4,0.1,0.9,0.216,,,,,,,
1174785,Jair González,Santos Laguna,7857,LW,24,Mexico,MEX,173.0,32.0,577036,,,,,,,,,,,,,,,,,,,,,,,,,,,,,,
1817893,Nelson Cedillo,Santos Laguna,7857,,19,Mexico,MEX,173.0,195.0,15000,,,,,,,,,,,,,,,,,,,,,,,,,,,,,,
210282,Anthony Lozano,Santos Laguna,7857,"ST,LW",32,Honduras,HON,183.0,,761187,,,,,,,,,,,,,,,,,,,,,,,,,,,,,,
681635,Cristian Dájome,Santos Laguna,7857,"RW,CAM,CDM",32,Colombia,COL,172.0,7.0,542147,6.31,,1.0,525.0,11.0,,0.17,2.2,0.5,0.171,0.12,7.0,2.0,19.9,2.1,0.7,0.3,1.2,0.9,1.2,0.5,2.7,0.171,,,,,,,
740753,Lucas Di Yorio,Santos Laguna,7857,ST,29,Argentina,ARG,190.0,9.0,1895067,6.96,4.0,2.0,688.0,8.0,0.52,0.73,3.5,1.6,0.262,0.06,6.0,2.0,8.5,0.4,0.8,0.5,0.8,,0.9,0.3,1.6,,0.131,,,,,,
959832,Alberto Ocejo,Santos Laguna,7857,ST,27,Mexico,MEX,180.0,13.0,1002387,,1.0,,187.0,6.0,0.48,0.51,2.9,1.4,,0.01,3.0,,9.6,,1.0,0.5,0.5,,1.4,,0.5,,,,,,,,
1096623,Diego Medina,Santos Laguna,7857,RW,25,Mexico,MEX,176.0,24.0,876671,,,,68.0,3.0,,,,,,,,,,,,,,,,,,,,,,,,,
1201409,Ramiro Sordo,Santos Laguna,7857,"LW,ST,RW",25,Argentina,ARG,174.0,26.0,1778400,,,2.0,304.0,4.0,,,,,0.592,,4.0,3.0,,,,,,,,,,0.296,,,,,,,
1580561,Tahiel Jiménez,Santos Laguna,7857,ST,20,Mexico,MEX,176.0,29.0,1088055,,,,85.0,6.0,,,,,,,1.0,,,,,,,,,,,,,,,,,,
1300602,Kevin Palacios,Santos Laguna,7857,"LW,LM,CDM,CM",26,Colombia,COL,173.0,77.0,1049340,6.62,,1.0,464.0,7.0,,0.03,0.6,,0.194,0.31,14.0,4.0,22.3,1.2,1.9,0.6,1.7,,0.2,,1.9,,,,,,,,1.0
1621326,Luis Gómez,Santos Laguna,7857,LW,19,Mexico,MEX,177.0,193.0,25000,,,,229.0,5.0,,,,,,,3.0,1.0,,,,,,,,,,0.786,,,,,,,
193993,Nahuel Guzmán,Tigres,8561,GK,40,Argentina,ARG,192.0,1.0,472725,7.05,,,990.0,11.0,,,,,,0.0,,,29.4,,,,0.2,,1.3,,,0.182,,3.5,76.5,-1.7,1.1,0.273,
1366204,Antonio Carrera,Tigres,8561,GK,22,USA,USA,193.0,13.0,723088,,,,,,,,,,,,,,,,,,,,,,,,,,,,,,
182467,Felipe Rodríguez,Tigres,8561,GK,36,Mexico,MEX,183.0,25.0,355208,,,,,,,,,,,,,,,,,,,,,,,,,,,,,,
1382531,Francisco Reyes,Tigres,8561,CB,27,Mexico,MEX,182.0,2.0,220000,,,,8.0,1.0,,,,,,,,,,,,,,,,,,,,,,,,,
825589,Marco Farfán,Tigres,8561,"LB,CB",27,USA,USA,178.0,3.0,1822793,,,,,,,,,,,,,,,,,,,,,,,,,,,,,,
950069,Juan Purata,Tigres,8561,CB,28,Mexico,MEX,180.0,4.0,2254006,,,,336.0,6.0,,0.04,1.1,0.3,,0.01,,,49.6,3.2,0.3,0.3,1.9,2.7,5.1,1.1,2.4,0.536,0.268,,,,,,
1075104,Jesús Garza,Tigres,8561,"RB,LB,CB",25,Mexico,MEX,161.0,14.0,1677013,7.25,,,990.0,11.0,,0.02,0.4,,,0.11,12.0,1.0,46.4,1.5,0.8,0.6,2.3,1.2,1.9,0.2,1.2,,,,,,,,
1072253,Rômulo,Tigres,8561,"CB,CDM,CM,CAM",26,Brazil,BRA,182.0,23.0,3915820,6.75,,,742.0,9.0,,0.08,0.6,,,0.03,4.0,,43.8,2.5,0.1,,1.6,1.8,3.0,0.2,0.4,,,,,,,,
1470110,Fernando Ordóñez,Tigres,8561,CB,24,Mexico,MEX,175.0,26.0,425675,,,,,,,,,,,,,,,,,,,,,,,,,,,,,,
882469,Jesús Angulo,Tigres,8561,"CB,LB",28,Mexico,MEX,178.0,27.0,4748300,6.78,1.0,,511.0,8.0,0.18,0.09,0.5,0.2,,0.02,,,53.9,4.1,,,1.4,1.1,4.1,0.5,0.5,0.352,,,,,,,
1257033,Joaquim,Tigres,8561,CB,27,Brazil,BRA,,28.0,5013744,6.96,1.0,1.0,732.0,10.0,0.12,0.11,1.2,0.5,0.123,0.06,2.0,1.0,54.8,4.7,,,1.6,1.8,4.1,1.0,1.5,0.246,0.123,,,,,,
950917,Vladimir Loroña,Tigres,8561,"LB,CB",27,Mexico,MEX,180.0,32.0,384147,6.89,,2.0,581.0,8.0,,0.02,0.6,,0.31,0.04,3.0,1.0,39.5,2.0,0.3,,2.0,0.9,2.0,0.2,1.5,0.465,,,,,,,
1295538,Rafael Guerrero,Tigres,8561,CB,23,Mexico,MEX,183.0,33.0,640283,,,,68.0,1.0,,,,,,,,,,,,,,,,,,,,,,,,,
643753,Osvaldo Rodríguez,Tigres,8561,LB,29,Mexico,MEX,174.0,35.0,1354474,,,1.0,311.0,6.0,,,,,0.289,0.01,1.0,,27.8,1.2,,0.9,3.5,0.9,2.9,0.3,1.7,,,,,,,,
1076308,César Araújo,Tigres,8561,"CDM,CM",24,Uruguay,URU,180.0,5.0,2105789,6.58,,,435.0,7.0,,,,,,0.02,5.0,,54.2,2.3,0.4,,1.7,0.8,1.2,,0.4,0.414,,,,,,,
350153,Juan Vigón,Tigres,8561,"CDM,CM",34,Mexico,MEX,173.0,6.0,351567,,,,128.0,6.0,,0.0,0.7,0.7,,0.07,2.0,,42.2,,,0.7,1.4,,0.7,,4.2,,,,,,,,
495198,Fernando Gorriarán,Tigres,8561,"CDM,CM,CAM,LW",31,Uruguay,URU,168.0,8.0,2100130,6.98,,,697.0,8.0,,0.08,1.7,0.3,,0.12,8.0,1.0,41.6,1.5,0.4,0.6,0.9,0.4,1.4,0.5,1.7,0.258,,,,,,,
793586,Juan Brunetta,Tigres,8561,"CM,CAM,CDM,LW,ST,LM",28,Argentina,ARG,,11.0,5829297,7.46,3.0,2.0,729.0,11.0,0.37,0.39,4.0,0.9,0.247,0.26,20.0,2.0,42.2,4.3,0.7,0.6,1.4,0.5,0.5,,0.9,0.123,,,,,,,
1926960,Henrique Simeone,Tigres,8561,,18,Brazil,BRA,182.0,22.0,0,,,,,,,,,,,,,,,,,,,,,,,,,,,,,,
1612708,Diego Sánchez,Tigres,8561,"LWB,RW",20,Mexico,MEX,155.0,30.0,25000,,1.0,,110.0,6.0,0.82,0.52,1.6,0.8,,0.12,3.0,,40.9,0.8,2.5,,0.8,,0.8,,0.8,,,,,,,,
432950,Ángel Correa,Tigres,8561,"CAM,ST,LW,LM,RW",31,Argentina,ARG,173.0,7.0,7714632,7.36,3.0,3.0,796.0,10.0,0.34,0.4,3.1,1.4,0.339,0.15,17.0,2.0,21.9,0.9,2.3,0.6,1.2,0.1,0.5,,0.9,0.113,,,,,,,1.0
38098,André-Pierre Gignac,Tigres,8561,ST,40,France,FRA,187.0,10.0,606736,6.28,1.0,1.0,179.0,6.0,0.5,0.34,3.0,1.0,0.503,0.18,3.0,,13.6,1.5,0.5,1.0,,,,1.0,2.0,0.503,0.503,,,,,,
828972,Diego Lainez,Tigres,8561,"RW,RM,LM,LWB",25,Mexico,MEX,167.0,16.0,4293409,7.25,2.0,2.0,777.0,11.0,0.23,0.1,1.9,0.9,0.232,0.18,16.0,2.0,33.6,1.5,1.5,0.8,1.9,0.3,0.5,0.1,1.5,0.347,,,,,,,
401095,Rodrigo Aguirre,Tigres,8561,ST,31,Uruguay,URU,186.0,17.0,2192452,6.2,,,631.0,8.0,,0.11,1.3,0.3,,0.02,3.0,,7.8,0.3,0.4,0.6,1.1,0.1,0.7,,2.0,,,,,,,,
867741,Iván López,Tigres,8561,ST,26,Mexico,MEX,180.0,19.0,1105047,,1.0,,130.0,3.0,,,,,,,2.0,1.0,,,,,,,,,,,,,,,,,
1186513,Marcelo Flores,Tigres,8561,"LW,LM",22,Mexico,MEX,171.0,20.0,855162,6.97,3.0,,510.0,8.0,0.53,0.12,1.2,0.9,,0.05,3.0,,23.6,1.2,1.6,0.5,1.4,0.5,1.8,0.2,0.5,,,,,,,,
974948,Jonathan Herrera,Tigres,8561,"LW,LM,ST",24,Mexico,MEX,182.0,77.0,4000000,6.46,1.0,1.0,234.0,8.0,0.38,0.25,2.7,0.4,0.385,0.32,3.0,1.0,18.1,0.8,1.5,,1.2,0.8,0.4,,0.8,0.385,,,,,,,
